word	pos	share	generality	conv
person	noun	1.00	6978	person#n
group	noun	0.99	8181	group#n
man	noun	1.00	73	man#n
see	verb	1.00	4	see#v
location	noun	1.00	1261	location#n
know	verb	1.00	3	know#v
come	verb	1.00	26	come#v
give	verb	1.00	6	give#v
find	verb	1.00	0	find#v
seem	verb	1.00	16	seem#v
use	verb	0.83	58	use#v
time	noun	0.98	0	time#n
think	verb	1.00	50	think#v
tell	verb	1.00	168	tell#v
become	verb	1.00	8	become#v
feel	verb	0.98	39	feel#v
now	adv	0.98	0	now#a
begin	verb	1.00	13	begin#v
year	noun	1.00	14	year#n
look	verb	0.89	22	look#v
ask	verb	1.00	2	ask#v
want	verb	0.98	24	want#v
show	verb	0.93	1	show#v
leave	verb	0.99	48	leave#v
way	noun	0.98	28	way#n
new	adj	0.99	0	new#a
try	verb	0.98	21	try#v
hear	verb	1.00	2	hear#v
day	noun	1.00	12	day#n
keep	verb	0.99	18	keep#v
hold	verb	0.95	18	hold#v
youth	noun	1.00	11	youth#n
thing	noun	1.00	0	thing#n
provide	verb	1.00	158	provide#v
stand	verb	0.92	3	stand#v
start	verb	0.92	13	start#v
include	verb	1.00	17	include#v
people	noun	0.99	138	people#n
write	verb	1.00	25	write#v
move	verb	0.95	525	move#v
eye	noun	0.96	7	eye#n
mean	verb	0.86	9	mean#v
appear	verb	1.00	16	appear#v
run	verb	0.87	13	run#v
follow	verb	1.00	5	follow#v
own	adj	0.84	0	own#a
little	adj	0.90	0	little#a
good	adj	0.86	0	good#a
form	noun	0.72	9	form#nv
form	verb	0.28	5	form#nv
life	noun	1.00	1	life#n
head	noun	0.82	3	head#n
turn	verb	0.89	48	turn#v
call	verb	0.89	9	call#v
again	adv	1.00	0	again#a
face	noun	0.68	2	face#nv
face	verb	0.32	2	face#nv
same	adj	0.99	0	same#a
play	noun	0.22	8	play#nv
play	verb	0.78	59	play#nv
bring	verb	1.00	14	bring#v
expect	verb	1.00	14	expect#v
live	verb	0.93	18	live#v
believe	verb	1.00	11	believe#v
consider	verb	1.00	42	consider#v
small	adj	0.98	0	small#a
part	noun	0.92	3779	part#n
reach	verb	0.96	14	reach#v
hand	noun	0.90	4	hand#n
help	verb	0.89	21	help#v
meet	verb	0.98	3	meet#v
work	noun	0.46	529	work#nv
work	verb	0.54	33	work#nv
long	adj	0.84	0	long#a
receive	verb	1.00	8	receive#v
area	noun	1.00	91	area#n
continue	verb	1.00	3	continue#v
child	noun	1.00	26	child#n
serve	verb	1.00	2	serve#v
number	noun	0.94	8	number#n
old	adj	1.00	0	old#a
need	noun	0.32	16	need#nv
need	verb	0.68	6	need#nv
remain	verb	1.00	6	remain#v
problem	noun	1.00	2	problem#n
high	adj	0.89	0	high#a
add	verb	1.00	33	add#v
boy	noun	1.00	18	boy#n
develop	verb	1.00	1	develop#v
grow	verb	1.00	2	grow#v
lead	verb	0.85	5	lead#v
pay	verb	0.93	67	pay#v
always	adv	1.00	0	always#a
happen	verb	1.00	36	happen#v
place	noun	0.53	55	place#nv
place	verb	0.47	210	place#nv
lie	verb	0.93	26	lie#v
line	noun	0.93	12	line#n
state	noun	0.68	9	state#n
state	verb	0.32	168	state#v
walk	verb	0.90	53	walk#v
indicate	verb	1.00	10	indicate#v
foot	noun	0.98	1	foot#n
sit	verb	1.00	5	sit#v
wait	verb	0.97	3	wait#v
remember	verb	1.00	8	remember#v
figure	noun	0.83	0	figure#n
require	verb	1.00	6	require#v
back	noun	0.25	0	back#n
back	adv	0.59	0	back#a
water	noun	0.94	18	water#n
great	adj	0.99	0	great#a
watch	verb	0.89	15	watch#v
speak	verb	1.00	132	speak#v
lose	verb	1.00	2	lose#v
almost	adv	1.00	0	almost#a
determine	verb	1.00	18	determine#v
voice	noun	0.97	20	voice#n
read	verb	0.99	1	read#v
pass	verb	0.86	6	pass#v
side	noun	0.96	31	side#n
body	noun	0.99	9	body#n
field	noun	0.97	12	field#n
world	noun	0.99	14	world#n
night	noun	1.00	3	night#n
soldier	noun	0.99	2	soldier#n
case	noun	0.98	52	case#n
house	noun	0.90	3	house#n
stop	verb	0.89	59	stop#v
moment	noun	1.00	11	moment#n
fight	noun	0.22	11	fight#nv
fight	verb	0.78	10	fight#nv
certain	adj	1.00	80	certain#a
carry	verb	0.99	0	carry#v
idea	noun	1.00	33	idea#n
possible	adj	0.98	583	possible#a
girl	noun	1.00	0	girl#n
produce	verb	0.98	29	produce#v
cause	noun	0.23	13	cause#nv
cause	verb	0.77	16	cause#nv
return	noun	0.26	5	return#nv
return	verb	0.74	70	return#nv
often	adv	1.00	10	often#a
open	verb	0.58	0	open#v
open	adj	0.40	0	open#a
point	noun	0.75	11	point#nv
point	verb	0.25	4	point#nv
learn	verb	1.00	6	learn#v
understand	verb	1.00	8	understand#v
important	adj	1.00	41	important#a
information	noun	1.00	0	information#n
offer	verb	0.96	195	offer#v
program	noun	0.95	1	program#n
change	noun	0.46	158	change#nv
change	verb	0.54	91	change#nv
question	noun	0.77	1703	question#nv
question	verb	0.23	0	question#nv
school	noun	0.97	0	school#n
talk	verb	0.89	65	talk#v
send	verb	1.00	40	send#v
increase	noun	0.37	1	increase#nv
increase	verb	0.63	24	increase#nv
mind	noun	0.85	146	mind#n
word	noun	0.98	5	word#n
contain	verb	1.00	128	contain#v
regiment	noun	0.97	0	regiment#n
allow	verb	1.00	0	allow#v
die	verb	0.94	1	die#v
interest	noun	0.93	9	interest#n
woman	noun	1.00	11	woman#n
type	noun	0.97	129	type#n
enter	verb	1.00	3	enter#v
surface	noun	0.95	81	surface#n
end	noun	0.62	160	end#nv
end	verb	0.38	23	end#nv
large	adj	0.97	37	large#a
nothing	noun	0.99	0	nothing#n
well	adv	0.83	2	well#a
action	noun	0.99	0	action#n
build	verb	0.97	1641	build#v
door	noun	1.00	12	door#n
create	verb	1.00	18	create#v
spend	verb	1.00	658	spend#v
development	noun	1.00	11	development#n
family	noun	1.00	7	family#n
report	noun	0.36	8	report#nv
report	verb	0.64	6	report#nv
obtain	verb	1.00	0	obtain#v
fact	noun	1.00	28	fact#n
decide	verb	1.00	19	decide#v
result	noun	0.61	61	result#nv
result	verb	0.39	4	result#nv
value	noun	0.94	32	value#n
different	adj	1.00	4	different#a
study	noun	0.52	0	study#nv
study	verb	0.48	53	study#nv
describe	verb	1.00	1	describe#v
reduce	verb	1.00	6	reduce#v
death	noun	1.00	28	death#n
church	noun	0.99	8	church#n
room	noun	0.99	14	room#n
experience	noun	0.74	195	experience#nv
experience	verb	0.26	12	experience#nv
raise	verb	0.96	2	raise#v
drive	verb	0.81	1	drive#v
kind	noun	0.95	6	kind#n
cover	verb	0.81	35	cover#v
establish	verb	1.00	188	establish#v
position	noun	0.97	0	position#n
explain	verb	1.00	35	explain#v
far	adv	0.81	31	far#a
later	adv	0.87	0	later#a
effect	noun	0.86	0	effect#n
stay	verb	0.95	32	stay#v
country	noun	1.00	6	country#n
job	noun	0.97	14	job#n
suggest	verb	1.00	283	suggest#v
perhaps	adv	1.00	6	perhaps#a
down	adv	0.77	0	down#a
hope	noun	0.32	0	hope#nv
hope	verb	0.68	0	hope#nv
wife	noun	1.00	0	wife#n
big	adj	0.96	0	big#a
home	noun	0.62	17	home#n
home	adv	0.31	0	home#a
material	noun	0.89	0	material#n
early	adj	0.81	1	early#a
officer	noun	0.98	2544	officer#n
rather	adv	1.00	0	rather#a
light	noun	0.56	82	light#n
light	adj	0.30	0	light#a
set	noun	0.28	38	set#nv
set	verb	0.64	0	set#nv
city	noun	1.00	38	city#n
seek	verb	0.99	210	seek#v
represent	verb	1.00	3	represent#v
cell	noun	1.00	2	cell#n
fall	noun	0.21	0	fall#nv
fall	verb	0.79	0	fall#nv
god	noun	1.00	0	god#n
spirit	noun	0.99	0	spirit#n
wear	verb	0.98	0	wear#v
hour	noun	1.00	4	hour#n
power	noun	0.97	0	power#n
win	verb	0.97	2	win#v
present	verb	0.50	49	present#v
present	adj	0.40	0	present#a
involve	verb	1.00	7	involve#v
level	noun	0.84	1	level#n
accept	verb	1.00	1	accept#v
prove	verb	1.00	48	prove#v
rise	verb	0.84	23	rise#v
system	noun	1.00	5	system#n
away	adv	0.97	17	away#a
probably	adv	1.00	89	probably#a
express	verb	0.94	0	express#v
reason	noun	0.93	0	reason#n
choose	verb	1.00	38	choose#v
quite	adv	1.00	3	quite#a
whole	adj	0.90	40	whole#a
arm	noun	0.94	0	arm#n
join	verb	0.98	0	join#v
note	noun	0.29	6	note#nv
note	verb	0.71	0	note#nv
suddenly	adv	1.00	26	suddenly#a
young	adj	0.88	42	young#a
government	noun	1.00	0	government#n
rate	noun	0.88	0	rate#n
fail	verb	1.00	24	fail#v
ground	noun	0.87	83	ground#n
history	noun	1.00	10	history#n
month	noun	1.00	40	month#n
tree	noun	0.96	0	tree#n
week	noun	1.00	68	week#n
apply	verb	1.00	1013	apply#v
recognize	verb	1.00	4	recognize#v
already	adv	1.00	58	already#a
purpose	noun	0.98	0	purpose#n
war	noun	0.99	0	war#n
amount	noun	0.84	6	amount#n
company	noun	0.99	10	company#n
draw	verb	0.91	76	draw#v
kill	verb	0.95	51	kill#v
exist	verb	1.00	28	exist#v
age	noun	0.96	48	age#n
buy	verb	0.99	17	buy#v
horse	noun	0.99	26	horse#n
name	noun	0.64	8	name#nv
name	verb	0.36	9	name#nv
maintain	verb	1.00	87	maintain#v
century	noun	1.00	69	century#n
pressure	noun	0.97	18	pressure#n
assume	verb	1.00	2	assume#v
really	adv	1.00	23	really#a
low	adj	0.93	4	low#a
drop	verb	0.82	0	drop#v
remove	verb	0.99	0	remove#v
occur	verb	1.00	4	occur#v
prevent	verb	1.00	198	prevent#v
enough	adj	0.30	0	enough#a
enough	adv	0.61	36	enough#a
business	noun	1.00	22	business#n
wonder	verb	0.87	0	wonder#v
better	adj	0.63	74	better#a
better	adv	0.30	0	better#a
course	noun	0.96	2	course#n
plant	noun	0.86	0	plant#n
wish	verb	0.90	18	wish#v
achieve	verb	1.00	9	achieve#v
force	noun	0.52	35	force#nv
force	verb	0.48	8	force#nv
hit	verb	0.82	1	hit#v
sometimes	adv	1.00	9	sometimes#a
effort	noun	1.00	5	effort#n
throw	verb	0.92	58	throw#v
wall	noun	0.99	0	wall#n
listen	verb	1.00	97	listen#v
gun	noun	0.99	31	gun#n
section	noun	0.99	13	section#n
shoot	verb	0.98	7	shoot#v
law	noun	1.00	71	law#n
period	noun	1.00	62	period#n
road	noun	1.00	3	road#n
sell	verb	0.99	20	sell#v
usually	adv	1.00	650	usually#a
break	verb	0.86	57	break#v
fill	verb	0.95	23	fill#v
method	noun	1.00	0	method#n
realize	verb	1.00	4	realize#v
best	adj	0.73	47	best#a
dark	noun	0.21	12	dark#an
dark	adj	0.79	88	dark#an
earth	noun	0.98	1	earth#n
office	noun	1.00	0	office#n
permit	verb	0.91	0	permit#v
society	noun	1.00	0	society#n
picture	noun	0.90	11	picture#n
center	noun	0.83	49	center#n
minute	noun	0.93	16	minute#n
social	adj	0.98	20	social#a
activity	noun	1.00	18	activity#n
catch	verb	0.92	0	catch#v
difference	noun	1.00	0	difference#n
money	noun	1.00	3240	money#n
temperature	noun	1.00	0	temperature#n
agree	verb	1.00	24	agree#v
enjoy	verb	1.00	23	enjoy#v
general	noun	0.30	1	general#an
general	adj	0.68	24	general#an
street	noun	1.00	38	street#n
announce	verb	1.00	2	announce#v
forget	verb	1.00	0	forget#v
available	adj	1.00	10	available#a
plan	noun	0.47	91	plan#nv
plan	verb	0.53	18	plan#nv
deal	verb	0.84	3	deal#v
attend	verb	1.00	0	attend#v
true	adj	0.95	5	true#a
morning	noun	1.00	4	morning#n
ride	verb	0.93	5	ride#v
teach	verb	0.99	0	teach#v
observe	verb	1.00	0	observe#v
therefore	adv	1.00	12	therefore#a
cut	verb	0.78	27	cut#v
major	adj	0.91	5	major#a
condition	noun	0.91	0	condition#n
product	noun	1.00	106	product#n
discover	verb	1.00	0	discover#v
various	adj	1.00	2367	various#a
close	verb	0.45	18	close#v
close	adj	0.40	0	close#a
answer	noun	0.41	2	answer#nv
answer	verb	0.59	5	answer#nv
cost	noun	0.63	0	cost#nv
cost	verb	0.37	1	cost#nv
design	noun	0.30	2	design#nv
design	verb	0.70	12	design#nv
fellow	noun	1.00	6	fellow#n
stare	verb	0.90	246	stare#v
woods	noun	1.00	3	woods#n
sing	verb	1.00	1	sing#v
game	noun	0.97	2	game#n
care	noun	0.20	144	care#nv
care	verb	0.80	8	care#nv
leg	noun	1.00	5	leg#n
sense	noun	0.75	193	sense#nv
sense	verb	0.25	0	sense#nv
full	adj	0.92	0	full#a
mass	noun	0.95	4	mass#n
air	noun	0.93	2	air#n
evidence	noun	0.84	0	evidence#n
heart	noun	1.00	14	heart#n
situation	noun	1.00	5	situation#n
bear	verb	0.97	495	bear#v
enemy	noun	1.00	0	enemy#n
support	noun	0.36	6	support#nv
support	verb	0.64	74	support#nv
treat	verb	0.98	1	treat#v
prepare	verb	1.00	0	prepare#v
finally	adv	1.00	34	finally#a
necessary	adj	0.99	64	necessary#a
right	noun	0.37	14	right#n
right	adj	0.34	0	right#a
right	adv	0.27	0	right#a
today	noun	0.72	0	today#n
today	adv	0.28	0	today#a
distance	noun	0.98	0	distance#n
love	noun	0.39	14	love#nv
love	verb	0.61	88	love#nv
mention	verb	0.88	0	mention#v
table	noun	0.98	33	table#n
window	noun	1.00	9	window#n
operate	verb	1.00	10	operate#v
suppose	verb	1.00	8	suppose#v
sound	noun	0.49	24	sound#nv
sound	verb	0.39	0	sound#nv
battle	noun	0.92	4	battle#n
student	noun	1.00	0	student#n
reflect	verb	1.00	6	reflect#v
able	adj	1.00	11	able#a
clear	verb	0.35	0	clear#v
clear	adj	0.61	32	clear#a
dead	adj	0.87	0	dead#a
few	adj	0.99	0	few#a
human	adj	0.93	0	human#a
national	adj	0.97	0	national#a
father	noun	0.97	0	father#n
fear	noun	0.63	0	fear#nv
fear	verb	0.37	0	fear#nv
shake	verb	0.94	0	shake#v
view	noun	0.71	4	view#nv
view	verb	0.29	42	view#nv
hard	adj	0.77	24	hard#a
hard	adv	0.23	0	hard#a
less	adj	0.34	0	less#a
less	adv	0.66	17	less#a
sure	adj	0.82	9	sure#a
conduct	verb	0.89	0	conduct#v
measure	noun	0.23	13	measure#nv
measure	verb	0.77	0	measure#nv
save	verb	0.99	0	save#v
smile	noun	0.27	2	smile#nv
smile	verb	0.73	1	smile#nv
stress	noun	0.70	4	stress#nv
stress	verb	0.30	13	stress#nv
town	noun	1.00	0	town#n
about	adv	0.99	6	about#a
normal	adj	0.99	4	normal#a
attitude	noun	1.00	7	attitude#n
compare	verb	0.99	0	compare#v
concern	noun	0.38	7	concern#nv
concern	verb	0.62	0	concern#nv
experiment	noun	0.81	161	experiment#n
feed	noun	0.27	26	feed#nv
feed	verb	0.73	2	feed#nv
fire	noun	0.52	7	fire#nv
fire	verb	0.48	0	fire#nv
member	noun	1.00	4	member#n
strike	verb	0.87	0	strike#v
visit	noun	0.24	4	visit#nv
visit	verb	0.76	13	visit#nv
eat	verb	1.00	35	eat#v
improve	verb	1.00	37	improve#v
slowly	adv	1.00	1	slowly#a
attention	noun	1.00	18	attention#n
direction	noun	1.00	130	direction#n
admit	verb	1.00	0	admit#v
imagine	verb	1.00	9	imagine#v
quality	noun	0.98	7	quality#n
real	adj	0.88	9	real#a
data	noun	1.00	8	data#n
demand	noun	0.36	9	demand#nv
demand	verb	0.64	1346	demand#nv
matter	noun	0.79	0	matter#nv
matter	verb	0.21	1	matter#nv
push	verb	0.90	0	push#v
base	noun	0.30	5	base#nv
base	verb	0.59	3	base#nv
doctor	noun	0.94	6	doctor#n
rifle	noun	0.96	1	rifle#n
deny	verb	1.00	33	deny#v
short	adj	0.84	1	short#a
single	adj	0.84	52	single#a
art	noun	1.00	5	art#n
community	noun	1.00	4	community#n
function	noun	0.84	0	function#n
hang	verb	0.97	0	hang#v
land	noun	0.72	111	land#nv
land	verb	0.28	10	land#nv
direct	verb	0.61	15	direct#v
direct	adj	0.38	0	direct#a
patient	noun	0.95	41	patient#n
simple	adj	0.98	3	simple#a
size	noun	0.93	3	size#n
tall	adj	0.99	1	tall#a
approach	noun	0.39	1	approach#nv
approach	verb	0.61	10	approach#nv
car	noun	1.00	0	car#n
literature	noun	1.00	31	literature#n
manner	noun	1.00	0	manner#n
merely	adv	1.00	5	merely#a
public	noun	0.36	1	public#n
public	adj	0.64	40	public#a
letter	noun	0.95	5	letter#n
paper	noun	0.98	28	paper#n
region	noun	1.00	0	region#n
religion	noun	1.00	0	religion#n
scene	noun	1.00	22	scene#n
success	noun	1.00	145	success#n
theory	noun	1.00	254	theory#n
contribute	verb	1.00	101	contribute#v
destroy	verb	1.00	5	destroy#v
common	adj	0.98	19	common#a
modern	adj	0.95	52	modern#a
act	noun	0.49	5	act#nv
act	verb	0.51	1082	act#nv
industry	noun	1.00	30	industry#n
swing	verb	0.87	0	swing#v
complete	verb	0.47	21	complete#v
complete	adj	0.53	0	complete#a
economic	adj	1.00	27	economic#a
price	noun	0.93	38	price#n
source	noun	0.98	1	source#n
statement	noun	1.00	0	statement#n
wage	noun	0.88	0	wage#n
strong	adj	1.00	10	strong#a
audience	noun	1.00	10	audience#n
degree	noun	1.00	407	degree#n
expression	noun	1.00	11	expression#n
finish	verb	0.86	0	finish#v
movement	noun	1.00	3	movement#n
pattern	noun	0.93	48	pattern#n
record	noun	0.60	2	record#nv
record	verb	0.40	53	record#nv
smoke	noun	0.85	21	smoke#n
stage	noun	0.83	145	stage#n
extend	verb	1.00	8	extend#v
easy	adj	0.91	75	easy#a
together	adv	0.96	2	together#a
special	adj	0.95	28	special#a
election	noun	1.00	4	election#n
event	noun	1.00	0	event#n
husband	noun	0.99	0	husband#n
range	noun	0.62	0	range#nv
range	verb	0.38	0	range#nv
sort	noun	0.97	0	sort#n
before	adv	1.00	8	before#a
animal	noun	0.97	7878	animal#n
opportunity	noun	1.00	6	opportunity#n
pull	verb	0.84	10	pull#v
refuse	verb	0.97	35	refuse#v
declare	verb	1.00	0	declare#v
suffer	verb	1.00	3998	suffer#v
similar	adj	1.00	27	similar#a
anode	noun	1.00	28	anode#n
basis	noun	1.00	10	basis#n
corner	noun	0.95	84	corner#n
file	noun	0.25	16	file#nv
file	verb	0.75	2	file#nv
process	noun	0.87	0	process#n
tone	noun	0.94	1	tone#n
encourage	verb	1.00	1	encourage#v
especially	adv	1.00	0	especially#a
indeed	adv	1.00	1	indeed#a
individual	noun	0.54	248	individual#n
individual	adj	0.46	0	individual#a
ready	adj	0.91	3	ready#a
item	noun	0.99	7	item#n
attempt	noun	0.44	97	attempt#nv
attempt	verb	0.56	0	attempt#nv
blood	noun	0.99	0	blood#n
example	noun	1.00	6978	example#n
list	noun	0.59	0	list#nv
list	verb	0.41	0	list#nv
mouth	noun	0.91	9	mouth#n
music	noun	1.00	21	music#n
nature	noun	1.00	16	nature#n
shoulder	noun	0.91	11	shoulder#n
avoid	verb	1.00	90	avoid#v
perform	verb	1.00	1	perform#v
simply	adv	1.00	329	simply#a
forward	adv	0.79	0	forward#a
film	noun	0.95	0	film#n
growth	noun	1.00	11	growth#n
guess	verb	0.93	32	guess#v
handle	verb	0.93	0	handle#v
laugh	noun	0.24	8	laugh#nv
laugh	verb	0.76	0	laugh#nv
percent	noun	1.00	23	percent#n
regard	verb	0.82	38	regard#v
insist	verb	1.00	1	insist#v
refer	verb	1.00	41	refer#v
army	noun	1.00	11	army#n
story	noun	1.00	6	story#n
tend	verb	1.00	42	tend#v
difficult	adj	1.00	7	difficult#a
around	adv	1.00	10	around#a
basic	adj	0.97	0	basic#a
deep	adj	0.90	7	deep#a
subject	noun	0.74	6	subject#nv
subject	verb	0.22	17	subject#nv
affect	verb	0.97	3	affect#v
claim	noun	0.45	3	claim#nv
claim	verb	0.55	0	claim#nv
control	noun	0.53	0	control#nv
control	verb	0.47	93	control#nv
feature	noun	0.76	0	feature#nv
feature	verb	0.24	23	feature#nv
party	noun	0.99	0	party#n
piece	noun	0.93	18	piece#n
repeat	verb	0.96	93	repeat#v
share	noun	0.44	51	share#nv
share	verb	0.56	8	share#nv
technique	noun	1.00	12	technique#n
likely	adj	0.87	24	likely#a
political	adj	1.00	36	political#a
wide	adj	0.88	99	wide#a
performance	noun	1.00	18	performance#n
sample	noun	0.89	2	sample#n
settle	verb	0.99	8	settle#v
strength	noun	1.00	0	strength#n
hot	adj	1.00	0	hot#a
particularly	adv	1.00	0	particularly#a
floor	noun	0.97	16	floor#n
policy	noun	1.00	5	policy#n
property	noun	1.00	1	property#n
space	noun	0.95	19	space#n
touch	noun	0.29	2	touch#nv
touch	verb	0.71	0	touch#nv
wave	noun	0.66	0	wave#nv
wave	verb	0.34	0	wave#nv
alone	adj	0.36	0	alone#a
alone	adv	0.64	6	alone#a
soon	adv	1.00	8	soon#a
book	noun	0.89	73	book#n
gain	verb	0.82	12	gain#v
hair	noun	1.00	197	hair#n
notice	noun	0.27	2	notice#nv
notice	verb	0.73	14	notice#nv
shelter	noun	0.96	0	shelter#n
shout	verb	0.94	0	shout#v
step	noun	0.64	84	step#nv
step	verb	0.36	1	step#nv
treatment	noun	1.00	1	treatment#n
bad	adj	0.91	64	bad#a
color	noun	0.76	5	color#n
fly	verb	0.83	39	fly#v
education	noun	1.00	4	education#n
mark	noun	0.30	4	mark#nv
mark	verb	0.70	13	mark#nv
miss	verb	0.91	116	miss#v
role	noun	1.00	0	role#n
sleep	noun	0.32	4	sleep#nv
sleep	verb	0.68	138	sleep#nv
summer	noun	0.98	7	summer#n
select	verb	0.94	0	select#v
replace	verb	1.00	30	replace#v
vary	verb	1.00	7	vary#v
employee	noun	1.00	1	employee#n
language	noun	1.00	6	language#n
lip	noun	1.00	6	lip#n
object	noun	0.75	0	object#n
object	verb	0.25	8	object#v
order	noun	0.54	40	order#nv
order	verb	0.46	36	order#nv
possibility	noun	1.00	9	possibility#n
sun	noun	0.95	30	sun#n
trouble	noun	0.77	201	trouble#nv
trouble	verb	0.23	13	trouble#nv
eliminate	verb	1.00	765	eliminate#v
instead	adv	1.00	2	instead#a
maybe	adv	1.00	29580	maybe#a
cross	verb	0.79	4	cross#v
final	adj	0.97	0	final#a
bed	noun	0.93	0	bed#n
employ	verb	0.97	6	employ#v
procedure	noun	1.00	15	procedure#n
production	noun	1.00	0	production#n
rest	noun	0.52	0	rest#nv
rest	verb	0.48	5	rest#nv
supply	noun	0.33	1	supply#nv
supply	verb	0.67	10	supply#nv
recommend	verb	1.00	0	recommend#v
effective	adj	1.00	23	effective#a
strange	adj	1.00	58	strange#a
spread	noun	0.20	8	spread#nv
spread	verb	0.70	248	spread#nv
comrade	noun	1.00	11	comrade#n
inch	noun	0.97	1	inch#n
jew	noun	1.00	158	jew#n
knee	noun	1.00	0	knee#n
organization	noun	1.00	0	organization#n
pain	noun	0.94	0	pain#n
payment	noun	1.00	38	payment#n
reaction	noun	1.00	4	reaction#n
river	noun	1.00	0	river#n
term	noun	0.79	16	term#nv
term	verb	0.21	0	term#nv
certainly	adv	1.00	0	certainly#a
somewhat	adv	1.00	1242	somewhat#a
chance	noun	0.83	66	chance#n
character	noun	0.98	120	character#n
importance	noun	1.00	32	importance#n
lift	verb	0.86	0	lift#v
mile	noun	1.00	1	mile#n
recall	verb	0.92	0	recall#v
season	noun	0.95	0	season#n
arise	verb	1.00	27	arise#v
publish	verb	1.00	0	publish#v
threaten	verb	1.00	21	threaten#v
directly	adv	1.00	23	directly#a
collect	verb	0.95	0	collect#v
top	noun	0.72	8	top#n
dust	noun	0.88	19	dust#n
finger	noun	0.90	6	finger#n
kid	noun	0.87	2	kid#n
reply	noun	0.32	2	reply#nv
reply	verb	0.68	0	reply#nv
song	noun	1.00	0	song#n
text	noun	1.00	12	text#n
emerge	verb	1.00	6	emerge#v
identify	verb	1.00	2	identify#v
nearly	adv	1.00	5	nearly#a
fit	verb	0.71	26	fit#v
heavy	adj	0.96	6	heavy#a
latter	adj	0.98	44	latter#a
military	adj	0.96	102	military#a
afternoon	noun	1.00	2	afternoon#n
analysis	noun	1.00	28	analysis#n
charge	noun	0.42	1	charge#nv
charge	verb	0.58	0	charge#nv
court	noun	0.88	0	court#n
dictionary	noun	1.00	0	dictionary#n
discussion	noun	1.00	0	discussion#n
existence	noun	1.00	0	existence#n
issue	noun	0.41	4	issue#nv
issue	verb	0.59	0	issue#nv
memory	noun	1.00	32	memory#n
nod	verb	0.93	0	nod#v
particle	noun	1.00	34	particle#n
research	noun	0.95	8	research#n
roll	noun	0.23	1	roll#nv
roll	verb	0.77	8	roll#nv
series	noun	1.00	67	series#n
site	noun	0.98	1	site#n
arrive	verb	1.00	5	arrive#v
propose	verb	1.00	0	propose#v
jewish	adj	1.00	12	jewish#a
larger	adj	1.00	27	larger#a
apparently	adv	1.00	1	apparently#a
dominant	adj	0.96	119	dominant#a
image	noun	0.97	22	image#n
shape	noun	0.72	22	shape#nv
shape	verb	0.28	14	shape#nv
team	noun	0.98	6	team#n
volume	noun	1.00	0	volume#n
argue	verb	1.00	0	argue#v
introduce	verb	1.00	0	introduce#v
reveal	verb	1.00	0	reveal#v
loud	adj	0.96	8	loud#a
immediately	adv	1.00	35	immediately#a
local	adj	0.93	27	local#a
separate	verb	0.69	2	separate#v
separate	adj	0.29	0	separate#a
board	noun	0.84	9	board#n
circumstance	noun	1.00	3	circumstance#n
ear	noun	1.00	6	ear#n
emotion	noun	1.00	0	emotion#n
hate	verb	0.84	0	hate#v
manager	noun	1.00	0	manager#n
rule	noun	0.67	0	rule#nv
rule	verb	0.33	5	rule#nv
son	noun	1.00	17	son#n
trial	noun	1.00	3	trial#n
worry	noun	0.22	7	worry#nv
worry	verb	0.78	0	worry#nv
generally	adv	1.00	129	generally#a
beat	verb	0.84	3	beat#v
cold	adj	0.83	3	cold#a
free	verb	0.32	6	free#v
free	adj	0.66	8	free#a
farm	noun	0.88	2	farm#n
influence	noun	0.64	55	influence#nv
influence	verb	0.36	17	influence#nv
lieutenant	noun	1.00	7	lieutenant#n
ship	noun	0.81	0	ship#n
skill	noun	1.00	42	skill#n
sky	noun	0.98	0	sky#n
travel	verb	0.83	0	travel#v
deliver	verb	1.00	13	deliver#v
demonstrate	verb	1.00	9	demonstrate#v
inform	verb	1.00	3	inform#v
vocational	adj	1.00	78	vocational#a
actually	adv	1.00	21	actually#a
clearly	adv	1.00	2	clearly#a
entire	adj	0.98	525	entire#a
federal	adj	0.96	1	federal#a
future	noun	0.69	1	future#n
future	adj	0.31	0	future#a
past	noun	0.50	306	past#n
past	adj	0.34	0	past#a
bank	noun	0.84	0	bank#n
check	noun	0.35	11	check#nv
check	verb	0.65	0	check#nv
difficulty	noun	1.00	0	difficulty#n
element	noun	1.00	0	element#n
equipment	noun	1.00	0	equipment#n
length	noun	1.00	5	length#n
requirement	noun	1.00	7	requirement#n
sale	noun	1.00	2	sale#n
urge	verb	0.89	8	urge#v
proceed	verb	1.00	2	proceed#v
ball	noun	0.97	10	ball#n
column	noun	1.00	479	column#n
distribution	noun	1.00	12	distribution#n
energy	noun	1.00	0	energy#n
phase	noun	0.96	1	phase#n
press	verb	0.84	6	press#v
structure	noun	0.96	2	structure#n
yard	noun	1.00	0	yard#n
assure	verb	1.00	34	assure#v
derive	verb	1.00	0	derive#v
completely	adv	1.00	9	completely#a
impossible	adj	0.96	110	impossible#a
personal	adj	0.98	28	personal#a
south	noun	0.69	13	south#n
argument	noun	1.00	1405	argument#n
behavior	noun	1.00	0	behavior#n
coffee	noun	1.00	2	coffee#n
detail	noun	0.93	3	detail#n
hall	noun	1.00	0	hall#n
newspaper	noun	1.00	0	newspaper#n
radiation	noun	1.00	0	radiation#n
service	noun	0.90	1	service#n
adopt	verb	1.00	15	adopt#v
confront	verb	1.00	27	confront#v
marry	verb	1.00	16	marry#v
greater	adj	1.00	5	greater#a
late	adj	0.70	1	late#a
late	adv	0.30	0	late#a
serious	adj	1.00	4	serious#a
average	verb	0.24	0	average#v
average	adj	0.58	75	average#a
former	adj	0.98	7	former#a
lay	verb	0.91	1	lay#v
model	noun	0.84	3	model#n
allotment	noun	1.00	6	allotment#n
burn	verb	0.90	0	burn#v
captain	noun	0.98	0	captain#n
college	noun	1.00	0	college#n
dream	noun	0.65	0	dream#nv
dream	verb	0.35	0	dream#nv
fig	noun	1.00	0	fig#n
income	noun	1.00	210	income#n
knowledge	noun	1.00	11	knowledge#n
loss	noun	1.00	2	loss#n
murder	noun	0.85	4	murder#n
muscle	noun	0.98	0	muscle#n
promise	noun	0.27	7	promise#nv
promise	verb	0.73	0	promise#nv
test	noun	0.42	6	test#nv
test	verb	0.58	2	test#nv
assign	verb	1.00	0	assign#v
engage	verb	1.00	52	engage#v
possess	verb	1.00	3911	possess#v
recent	adj	0.98	16	recent#a
carefully	adv	1.00	21	carefully#a
entirely	adv	1.00	98	entirely#a
private	noun	0.21	0	private#n
private	adj	0.79	37	private#a
specific	adj	0.96	3	specific#a
artist	noun	1.00	33	artist#n
aspect	noun	1.00	4	aspect#n
attack	noun	0.40	75	attack#nv
attack	verb	0.60	2	attack#nv
author	noun	0.98	0	author#n
factor	noun	0.91	0	factor#n
noise	noun	0.98	0	noise#n
pound	noun	0.76	0	pound#nv
pound	verb	0.24	0	pound#nv
style	noun	0.93	0	style#n
tax	noun	0.69	68	tax#nv
tax	verb	0.31	4	tax#nv
unit	noun	1.00	6	unit#n
further	adv	0.77	35	further#a
near	adj	0.60	65	near#a
near	adv	0.26	0	near#a
define	verb	1.00	7	define#v
enable	verb	1.00	56	enable#v
protect	verb	1.00	0	protect#v
physical	adj	1.00	28	physical#a
obviously	adv	1.00	45	obviously#a
natural	adj	0.95	825	natural#a
particular	adj	0.83	0	particular#a
arc	noun	0.98	0	arc#n
bend	verb	0.84	4	bend#v
command	noun	0.62	3	command#nv
command	verb	0.38	2	command#nv
desire	noun	0.59	25	desire#nv
desire	verb	0.41	24	desire#nv
edge	noun	0.88	0	edge#n
estimate	noun	0.38	6	estimate#nv
estimate	verb	0.62	0	estimate#nv
kitchen	noun	1.00	0	kitchen#n
nation	noun	1.00	0	nation#n
operation	noun	1.00	3	operation#n
title	noun	0.91	23	title#n
trade	noun	0.70	12	trade#nv
trade	verb	0.30	10	trade#nv
tradition	noun	1.00	47	tradition#n
conclude	verb	1.00	2	conclude#v
presently	adv	1.00	10	presently#a
half	noun	0.44	4	half#n
half	adj	0.36	0	half#a
wild	adj	0.92	14	wild#a
bother	verb	0.96	3	bother#v
chapter	noun	1.00	0	chapter#n
cry	noun	0.38	14	cry#nv
cry	verb	0.62	4	cry#nv
dog	noun	0.94	0	dog#n
drink	noun	0.41	23	drink#nv
drink	verb	0.59	12	drink#nv
lack	noun	0.57	0	lack#nv
lack	verb	0.43	2	lack#nv
match	noun	0.24	4	match#nv
match	verb	0.76	2	match#nv
neighborhood	noun	1.00	0	neighborhood#n
onset	noun	1.00	0	onset#n
relationship	noun	1.00	3	relationship#n
sight	noun	0.89	0	sight#n
teacher	noun	1.00	9	teacher#n
tooth	noun	1.00	189	tooth#n
victory	noun	1.00	9	victory#n
accomplish	verb	1.00	9	accomplish#v
intend	verb	1.00	45	intend#v
successful	adj	1.00	8	successful#a
above	adv	0.96	0	above#a
stretch	noun	0.25	1	stretch#nv
stretch	verb	0.72	7	stretch#nv
wrong	adj	0.82	0	wrong#a
atmosphere	noun	1.00	27	atmosphere#n
cloud	noun	0.81	17	cloud#n
count	verb	0.82	15	count#v
depth	noun	1.00	12	depth#n
grass	noun	0.87	8	grass#n
intensity	noun	1.00	0	intensity#n
mission	noun	1.00	0	mission#n
news	noun	1.00	0	news#n
paint	verb	0.82	0	paint#v
portion	noun	0.98	8	portion#n
presence	noun	1.00	18	presence#n
remark	noun	0.44	16	remark#nv
remark	verb	0.56	4	remark#nv
tissue	noun	0.98	7	tissue#n
vote	noun	0.32	9	vote#nv
vote	verb	0.68	167	vote#nv
writer	noun	1.00	7	writer#n
thin	adj	0.88	0	thin#a
illustrate	verb	1.00	3	illustrate#v
oppose	verb	1.00	10	oppose#v
respond	verb	1.00	3779	respond#v
southern	adj	1.00	11	southern#a
essential	adj	0.96	42	essential#a
front	noun	0.68	346	front#n
front	adj	0.24	0	front#a
plane	noun	0.85	5	plane#n
sign	noun	0.49	1	sign#nv
sign	verb	0.50	65	sign#nv
thick	adj	0.93	0	thick#a
class	noun	0.94	0	class#n
climb	verb	0.94	4	climb#v
contact	noun	0.80	89	contact#n
corporation	noun	1.00	0	corporation#n
device	noun	1.00	0	device#n
labor	noun	0.84	1	labor#n
preserve	verb	0.92	32	preserve#v
sea	noun	1.00	1	sea#n
weight	noun	0.92	0	weight#n
acquire	verb	1.00	70	acquire#v
disappear	verb	1.00	5	disappear#v
ignore	verb	1.00	3	ignore#v
manage	verb	1.00	12	manage#v
succeed	verb	1.00	2760	succeed#v
aware	adj	1.00	3	aware#a
quickly	adv	1.00	11	quickly#a
rapidly	adv	1.00	1	rapidly#a
sharp	adj	0.93	11	sharp#a
achievement	noun	1.00	145	achievement#n
branch	noun	0.96	10	branch#n
combine	verb	0.92	0	combine#v
communism	noun	1.00	0	communism#n
divide	verb	0.96	22	divide#v
escape	noun	0.29	21	escape#nv
escape	verb	0.71	0	escape#nv
flower	noun	0.95	0	flower#n
glass	noun	0.90	0	glass#n
hotel	noun	1.00	0	hotel#n
hurry	noun	0.22	0	hurry#nv
hurry	verb	0.78	105	hurry#nv
judgment	noun	1.00	4	judgment#n
oxygen	noun	1.00	0	oxygen#n
reality	noun	1.00	3	reality#n
sentence	noun	0.86	11	sentence#n
soil	noun	0.96	6	soil#n
warm	adj	0.89	467	warm#a
defend	verb	1.00	19	defend#v
prefer	verb	1.00	15	prefer#v
happy	adj	1.00	17	happy#a
exactly	adv	1.00	2	exactly#a
frequently	adv	1.00	1	frequently#a
hardly	adv	1.00	1	hardly#a
objective	noun	0.75	12	objective#n
objective	adj	0.25	0	objective#a
stock	noun	0.81	0	stock#n
block	noun	0.64	0	block#nv
block	verb	0.36	2	block#nv
concentration	noun	1.00	6	concentration#n
conclusion	noun	1.00	0	conclusion#n
contrast	noun	0.78	0	contrast#nv
contrast	verb	0.22	0	contrast#nv
decision	noun	1.00	0	decision#n
district	noun	0.97	0	district#n
extent	noun	1.00	0	extent#n
forest	noun	0.98	0	forest#n
machine	noun	0.96	5	machine#n
marriage	noun	1.00	17	marriage#n
operator	noun	1.00	42	operator#n
speed	noun	0.65	9	speed#nv
speed	verb	0.35	5	speed#nv
throat	noun	1.00	1	throat#n
examine	verb	1.00	0	examine#v
promote	verb	1.00	37	promote#v
proper	adj	1.00	126	proper#a
along	adv	1.00	0	along#a
camp	noun	0.80	8	camp#n
daily	adv	0.93	255	daily#a
aid	noun	0.43	0	aid#nv
aid	verb	0.57	17	aid#nv
award	noun	0.80	2	award#nv
award	verb	0.20	5	award#nv
bond	noun	0.90	11	bond#n
box	noun	0.92	0	box#n
chair	noun	0.95	53	chair#n
concept	noun	1.00	7	concept#n
gas	noun	0.93	0	gas#n
reject	verb	0.98	0	reject#v
sweep	verb	0.84	3	sweep#v
train	noun	0.39	11	train#nv
train	verb	0.61	0	train#nv
variation	noun	1.00	0	variation#n
worker	noun	1.00	21	worker#n
afford	verb	1.00	1	afford#v
flee	verb	1.00	8	flee#v
relate	verb	1.00	44	relate#v
submit	verb	1.00	35	submit#v
soft	adj	0.97	382	soft#a
moreover	adv	1.00	0	moreover#a
empty	verb	0.27	29	empty#v
empty	adj	0.71	35	empty#a
maximum	noun	0.29	0	maximum#n
maximum	adj	0.71	0	maximum#a
regular	adj	0.91	4	regular#a
communication	noun	1.00	11	communication#n
crowd	noun	0.70	919	crowd#nv
crowd	verb	0.30	2	crowd#nv
culture	noun	0.98	0	culture#n
explanation	noun	1.00	15	explanation#n
fix	verb	0.87	17	fix#v
fool	noun	0.80	4	fool#nv
fool	verb	0.20	0	fool#nv
gather	verb	0.96	0	gather#v
principle	noun	1.00	0	principle#n
score	noun	0.54	0	score#nv
score	verb	0.46	14	score#nv
shift	noun	0.36	3	shift#nv
shift	verb	0.64	0	shift#nv
village	noun	1.00	0	village#n
locate	verb	1.00	0	locate#v
relatively	adv	1.00	87	relatively#a
firm	noun	0.36	25	firm#n
firm	adj	0.59	10	firm#a
polynomial	noun	0.97	10	polynomial#n
west	noun	0.77	48	west#n
blow	noun	0.51	19	blow#nv
blow	verb	0.49	3	blow#nv
brain	noun	0.95	9	brain#n
bullet	noun	1.00	24	bullet#n
chest	noun	1.00	5	chest#n
construct	verb	0.98	10	construct#v
display	noun	0.27	2	display#nv
display	verb	0.73	4	display#nv
facility	noun	1.00	2	facility#n
failure	noun	1.00	1	failure#n
flag	noun	0.86	2	flag#n
flow	noun	0.58	0	flow#nv
flow	verb	0.42	2	flow#nv
glance	noun	0.46	2	glance#nv
glance	verb	0.54	0	glance#nv
goal	noun	1.00	12	goal#n
men	noun	1.00	0	men#n
observation	noun	1.00	42	observation#n
pair	noun	0.80	0	pair#nv
pair	verb	0.20	0	pair#nv
parent	noun	0.97	4	parent#n
pause	noun	0.31	13	pause#nv
pause	verb	0.69	2	pause#nv
progress	noun	0.68	12	progress#nv
progress	verb	0.32	2	progress#nv
relief	noun	1.00	14	relief#n
roof	noun	0.95	134	roof#n
slide	noun	0.25	0	slide#nv
slide	verb	0.75	19	slide#nv
spring	noun	0.59	18	spring#nv
spring	verb	0.41	19	spring#nv
compute	verb	1.00	43	compute#v
devote	verb	1.00	0	devote#v
perceive	verb	1.00	18	perceive#v
remind	verb	1.00	2	remind#v
solve	verb	1.00	1	solve#v
actual	adj	1.00	1	actual#a
distant	adj	1.00	21	distant#a
foreign	adj	1.00	2	foreign#a
pretty	adj	0.41	0	pretty#a
pretty	adv	0.59	1	pretty#a
tattered	adj	1.00	3	tattered#a
broad	adj	0.98	0	broad#a
lean	verb	0.80	22	lean#v
medical	adj	0.97	3	medical#a
professional	adj	0.83	0	professional#a
capacity	noun	1.00	40	capacity#n
companion	noun	0.97	3	companion#n
component	noun	1.00	51	component#n
congregation	noun	1.00	4	congregation#n
construction	noun	1.00	7	construction#n
county	noun	1.00	0	county#n
defense	noun	1.00	0	defense#n
dollar	noun	1.00	0	dollar#n
faith	noun	1.00	0	faith#n
guy	noun	0.95	0	guy#n
hide	verb	0.86	0	hide#v
hill	noun	0.97	10	hill#n
hire	verb	0.95	0	hire#v
jump	verb	0.89	0	jump#v
mount	verb	0.81	0	mount#v
neck	noun	0.97	4	neck#n
page	noun	0.91	10	page#n
police	noun	0.88	1	police#n
practice	noun	0.57	9	practice#nv
practice	verb	0.43	1	practice#nv
purchase	noun	0.31	6	purchase#nv
purchase	verb	0.69	1	purchase#nv
reference	noun	0.98	12	reference#n
serum	noun	1.00	24	serum#n
solution	noun	1.00	101	solution#n
spot	noun	0.67	1	spot#nv
spot	verb	0.33	0	spot#nv
stem	noun	0.63	19	stem#nv
stem	verb	0.37	0	stem#nv
toss	verb	0.83	7	toss#v
tube	noun	0.91	8	tube#n
university	noun	1.00	19	university#n
approve	verb	1.00	1	approve#v
earn	verb	1.00	1	earn#v
easily	adv	1.00	11	easily#a
heavily	adv	1.00	9	heavily#a
active	noun	0.29	0	active#an
active	adj	0.71	104	active#an
fourth	adj	0.83	8	fourth#a
inside	adv	0.69	3	inside#a
main	adj	0.95	2	main#a
stone	noun	0.92	39	stone#n
total	noun	0.27	0	total#nv
total	verb	0.27	4	total#nv
total	adj	0.45	55	total#a
absence	noun	1.00	0	absence#n
agent	noun	1.00	3	agent#n
bill	noun	0.88	72	bill#n
burst	noun	0.23	3	burst#nv
burst	verb	0.77	2	burst#nv
colonel	noun	1.00	10	colonel#n
crawl	verb	0.90	12	crawl#v
dance	noun	0.39	2	dance#nv
dance	verb	0.61	0	dance#nv
danger	noun	1.00	0	danger#n
drag	verb	0.86	0	drag#v
exercise	noun	0.51	0	exercise#nv
exercise	verb	0.49	0	exercise#nv
grant	noun	0.34	5	grant#nv
grant	verb	0.66	0	grant#nv
heat	noun	0.73	0	heat#nv
heat	verb	0.27	10	heat#nv
response	noun	1.00	0	response#n
sponsor	verb	0.86	30	sponsor#v
task	noun	0.95	0	task#n
truth	noun	1.00	2	truth#n
busy	adj	0.95	117	busy#a
adjust	verb	1.00	5	adjust#v
conceive	verb	1.00	3	conceive#v
exceed	verb	1.00	1	exceed#v
interpret	verb	1.00	1	interpret#v
survive	verb	1.00	3	survive#v
afraid	adj	1.00	7	afraid#a
smaller	adj	1.00	4	smaller#a
sudden	adj	1.00	55	sudden#a
below	adv	1.00	2	below#a
advance	noun	0.31	1	advance#nv
advance	verb	0.66	11	advance#nv
ordinary	noun	0.21	0	ordinary#n
ordinary	adj	0.79	1	ordinary#a
poor	adj	0.97	1	poor#a
rank	noun	0.76	0	rank#n
solid	noun	0.28	1231	solid#n
solid	adj	0.72	60	solid#a
technical	adj	0.95	2	technical#a
affair	noun	1.00	0	affair#n
apartment	noun	1.00	48	apartment#n
balance	noun	0.73	3	balance#nv
balance	verb	0.27	9	balance#nv
battery	noun	1.00	1	battery#n
benefit	noun	0.59	19	benefit#nv
benefit	verb	0.41	5	benefit#nv
chlorine	noun	1.00	3	chlorine#n
connection	noun	1.00	0	connection#n
fence	noun	0.85	0	fence#n
fund	noun	0.85	0	fund#n
grab	verb	0.95	0	grab#v
invite	verb	0.98	15	invite#v
nose	noun	0.83	0	nose#n
occurrence	noun	1.00	0	occurrence#n
opinion	noun	1.00	0	opinion#n
percentage	noun	1.00	0	percentage#n
probability	noun	1.00	0	probability#n
provision	noun	0.95	1	provision#n
release	noun	0.40	0	release#nv
release	verb	0.60	11	release#nv
species	noun	1.00	3	species#n
tale	noun	1.00	0	tale#n
accompany	verb	1.00	11	accompany#v
authorize	verb	1.00	1	authorize#v
constitute	verb	1.00	19	constitute#v
imply	verb	1.00	14	imply#v
undertake	verb	1.00	16	undertake#v
ahead	adv	0.95	21	ahead#a
bright	adj	0.95	0	bright#a
considerable	adj	1.00	9	considerable#a
significant	adj	1.00	970	significant#a
fully	adv	1.00	8	fully#a
naturally	adv	1.00	6	naturally#a
bitter	adj	0.88	8	bitter#a
equal	verb	0.33	49	equal#v
equal	adj	0.63	0	equal#a
instant	noun	0.87	16	instant#n
primary	adj	0.82	16	primary#a
quick	adj	0.80	6	quick#a
assistance	noun	1.00	3	assistance#n
breath	noun	1.00	23	breath#n
cease	verb	0.97	10	cease#v
circle	noun	0.75	0	circle#nv
circle	verb	0.25	3	circle#nv
curve	noun	0.80	0	curve#nv
curve	verb	0.20	2	curve#nv
encounter	noun	0.33	1	encounter#nv
encounter	verb	0.67	0	encounter#nv
expose	verb	0.98	0	expose#v
guide	noun	0.22	1	guide#nv
guide	verb	0.78	0	guide#nv
honor	noun	0.38	100	honor#nv
honor	verb	0.62	0	honor#nv
message	noun	0.92	0	message#n
moon	noun	0.93	0	moon#n
president	noun	1.00	0	president#n
shadow	noun	0.87	0	shadow#n
silence	noun	0.85	0	silence#n
slip	noun	0.32	0	slip#nv
slip	verb	0.68	0	slip#nv
store	noun	0.55	0	store#nv
store	verb	0.45	17	store#nv
stream	noun	0.72	49	stream#nv
stream	verb	0.28	0	stream#nv
trip	noun	0.84	9	trip#n
vision	noun	1.00	11	vision#n
wash	noun	0.30	4	wash#nv
wash	verb	0.70	4	wash#nv
weapon	noun	1.00	59	weapon#n
assert	verb	1.00	2	assert#v
furnish	verb	1.00	3	furnish#v
overcome	verb	1.00	5	overcome#v
retire	verb	1.00	18	retire#v
swear	verb	1.00	4	swear#v
mad	adj	1.00	45	mad#a
otherwise	adv	0.97	0	otherwise#a
usual	adj	1.00	0	usual#a
recently	adv	1.00	2	recently#a
domestic	adj	0.97	0	domestic#a
dress	noun	0.31	20	dress#nv
dress	verb	0.66	0	dress#nv
original	adj	0.83	50	original#a
pale	adj	0.90	10	pale#a
union	noun	0.87	14	union#n
somewhere	adv	0.97	2	somewhere#a
abandon	verb	0.85	1	abandon#v
address	noun	0.50	192	address#nv
address	verb	0.50	16	address#nv
authority	noun	1.00	4	authority#n
bird	noun	0.97	158	bird#n
bottle	noun	0.94	56	bottle#n
career	noun	0.89	2	career#n
coat	noun	0.82	0	coat#n
comment	noun	0.55	0	comment#nv
comment	verb	0.45	41	comment#nv
consideration	noun	1.00	0	consideration#n
dinner	noun	1.00	0	dinner#n
director	noun	1.00	0	director#n
doubt	noun	0.63	0	doubt#nv
doubt	verb	0.37	0	doubt#nv
drug	noun	0.91	20	drug#n
error	noun	1.00	0	error#n
expense	noun	0.97	0	expense#n
hat	noun	0.91	6	hat#n
hero	noun	1.00	0	hero#n
hole	noun	0.95	5	hole#n
illusion	noun	1.00	2	illusion#n
institution	noun	1.00	7	institution#n
lady	noun	1.00	871	lady#n
lung	noun	1.00	34	lung#n
notion	noun	1.00	4	notion#n
peer	verb	0.84	53	peer#v
petitioner	noun	1.00	16	petitioner#n
phenomenon	noun	1.00	12	phenomenon#n
quote	verb	0.94	1	quote#v
rain	noun	0.70	1	rain#nv
rain	verb	0.30	6	rain#nv
reader	noun	1.00	3	reader#n
roar	noun	0.33	0	roar#nv
roar	verb	0.67	7	roar#nv
significance	noun	1.00	914	significance#n
soul	noun	1.00	40	soul#n
speech	noun	1.00	18	speech#n
steal	verb	0.94	32	steal#v
variety	noun	1.00	0	variety#n
wind	noun	0.73	15	wind#nv
wind	verb	0.27	1	wind#nv
off	adj	0.21	0	off#a
off	adv	0.77	6	off#a
pour	verb	1.00	283	pour#v
predict	verb	1.00	1	predict#v
pursue	verb	1.00	0	pursue#v
capable	adj	1.00	8	capable#a
fresh	adj	0.95	0	fresh#a
reasonable	adj	1.00	4	reasonable#a
sufficient	adj	1.00	653	sufficient#a
vast	adj	1.00	1	vast#a
occasionally	adv	1.00	8	occasionally#a
previously	adv	1.00	1	previously#a
associate	noun	0.27	63	associate#nv
associate	verb	0.71	3	associate#nv
friendly	adj	0.97	6	friendly#a
rich	adj	0.98	3	rich#a
rush	noun	0.31	2	rush#nv
rush	verb	0.65	31	rush#nv
thyroid	noun	0.94	18	thyroid#n
account	noun	0.91	9	account#n
aim	noun	0.40	6	aim#nv
aim	verb	0.60	57	aim#nv
anxiety	noun	1.00	0	anxiety#n
application	noun	1.00	5	application#n
assumption	noun	1.00	9	assumption#n
brush	noun	0.45	5	brush#nv
brush	verb	0.55	4	brush#nv
citizen	noun	1.00	0	citizen#n
club	noun	0.90	0	club#n
commission	noun	0.88	0	commission#n
curse	noun	0.27	0	curse#nv
curse	verb	0.73	0	curse#nv
farmer	noun	1.00	0	farmer#n
food	noun	1.00	0	food#n
fraction	noun	0.97	0	fraction#n
imagination	noun	1.00	17	imagination#n
limit	noun	0.52	0	limit#nv
limit	verb	0.48	16	limit#nv
lot	noun	0.95	0	lot#n
politics	noun	1.00	5	politics#n
render	verb	0.98	0	render#v
search	noun	0.42	11	search#nv
search	verb	0.58	0	search#nv
sink	verb	0.83	14	sink#v
smell	noun	0.36	7	smell#nv
smell	verb	0.64	10	smell#nv
tear	noun	0.24	0	tear#nv
tear	verb	0.76	5	tear#nv
appropriate	verb	0.32	0	appropriate#v
appropriate	adj	0.68	13	appropriate#a
alter	verb	1.00	7	alter#v
assemble	verb	1.00	0	assemble#v
attach	verb	1.00	12	attach#v
commit	verb	1.00	0	commit#v
complain	verb	1.00	47	complain#v
deserve	verb	1.00	0	deserve#v
install	verb	1.00	12	install#v
organize	verb	1.00	20	organize#v
participate	verb	1.00	1526	participate#v
persuade	verb	1.00	0	persuade#v
satisfy	verb	1.00	109	satisfy#v
apart	adv	0.92	5	apart#a
nice	adj	0.97	2	nice#a
popular	adj	1.00	0	popular#a
tremendous	adj	1.00	0	tremendous#a
complex	noun	0.28	2	complex#n
complex	adj	0.72	22	complex#a
content	noun	0.81	5	content#n
independent	adj	0.94	4	independent#a
liberal	noun	0.59	4	liberal#n
liberal	adj	0.41	0	liberal#a
quiet	adj	0.72	0	quiet#a
ability	noun	1.00	1703	ability#n
department	noun	1.00	7	department#n
detective	noun	1.00	166	detective#n
diameter	noun	1.00	2	diameter#n
europe	noun	1.00	13	europe#n
exhibit	verb	0.91	1	exhibit#v
instrument	noun	0.92	3	instrument#n
maturity	noun	1.00	5	maturity#n
network	noun	0.97	1	network#n
ring	noun	0.33	0	ring#nv
ring	verb	0.67	0	ring#nv
row	noun	0.88	9	row#n
scale	noun	0.79	0	scale#nv
scale	verb	0.21	0	scale#nv
scream	noun	0.24	0	scream#nv
scream	verb	0.76	0	scream#nv
secretary	noun	1.00	0	secretary#n
stomach	noun	0.94	0	stomach#n
struggle	noun	0.52	0	struggle#nv
struggle	verb	0.48	6	struggle#nv
trust	noun	0.35	15	trust#nv
trust	verb	0.65	0	trust#nv
weakness	noun	1.00	0	weakness#n
appreciate	verb	1.00	5	appreciate#v
differ	verb	1.00	0	differ#v
investigate	verb	1.00	37	investigate#v
justify	verb	1.00	67	justify#v
emotional	adj	1.00	3	emotional#a
silent	adj	1.00	2	silent#a
typical	adj	1.00	0	typical#a
essentially	adv	1.00	1	essentially#a
nevertheless	adv	1.00	654	nevertheless#a
primarily	adv	1.00	1	primarily#a
cool	verb	0.35	3	cool#v
cool	adj	0.61	1	cool#a
funny	adj	0.97	7	funny#a
hurt	noun	0.24	83	hurt#nv
hurt	verb	0.67	4	hurt#nv
international	adj	0.97	2	international#a
north	noun	0.63	16	north#n
north	adv	0.22	0	north#a
saline	noun	0.97	9	saline#n
square	noun	0.51	15	square#nv
square	verb	0.23	0	square#nv
thermal	adj	0.97	5	thermal#a
agency	noun	1.00	3	agency#n
appearance	noun	1.00	4	appearance#n
band	noun	0.93	4	band#n
description	noun	1.00	0	description#n
drill	verb	0.89	13	drill#v
duty	noun	1.00	19	duty#n
extension	noun	1.00	0	extension#n
folklore	noun	1.00	0	folklore#n
freedom	noun	1.00	0	freedom#n
gesture	noun	0.88	0	gesture#n
gram	noun	1.00	0	gram#n
kick	noun	0.22	8	kick#nv
kick	verb	0.78	0	kick#nv
management	noun	1.00	0	management#n
market	noun	0.82	0	market#n
personnel	noun	1.00	0	personnel#n
protection	noun	1.00	12	protection#n
respect	noun	0.65	0	respect#nv
respect	verb	0.35	6	respect#nv
schedule	noun	0.40	1	schedule#nv
schedule	verb	0.60	0	schedule#nv
shoe	noun	0.97	0	shoe#n
valley	noun	1.00	0	valley#n
secure	verb	0.77	1	secure#v
secure	adj	0.23	0	secure#a
slow	verb	0.29	8	slow#v
slow	adj	0.63	0	slow#a
arrange	verb	1.00	113	arrange#v
attract	verb	1.00	120	attract#v
compose	verb	1.00	33	compose#v
emphasize	verb	1.00	8	emphasize#v
exclude	verb	1.00	3	exclude#v
proclaim	verb	1.00	22	proclaim#v
transform	verb	1.00	0	transform#v
warn	verb	1.00	0	warn#v
apparent	adj	1.00	24	apparent#a
curious	adj	1.00	2	curious#a
literary	adj	1.00	0	literary#a
vague	adj	1.00	4	vague#a
visual	adj	1.00	55	visual#a
practically	adv	1.00	9	practically#a
precisely	adv	1.00	60	precisely#a
chicken	noun	0.97	54	chicken#n
fluid	noun	0.82	0	fluid#n
mere	adj	0.97	4	mere#a
official	noun	0.62	36	official#n
official	adj	0.38	0	official#a
over	adj	0.41	0	over#a
over	adv	0.57	14	over#a
rear	noun	0.66	5	rear#n
rear	verb	0.32	1	rear#v
relative	noun	0.30	167	relative#n
relative	adj	0.70	0	relative#a
safe	noun	0.23	0	safe#n
safe	adj	0.77	58	safe#a
utopian	adj	0.85	6	utopian#a
disease	noun	1.00	0	disease#n
emphasis	noun	1.00	13	emphasis#n
exception	noun	1.00	2	exception#n
favor	noun	0.43	1	favor#nv
favor	verb	0.57	0	favor#nv
flight	noun	0.92	0	flight#n
guest	noun	1.00	6	guest#n
judge	noun	0.26	14	judge#nv
judge	verb	0.74	0	judge#nv
milligram	noun	1.00	0	milligram#n
movie	noun	1.00	0	movie#n
peace	noun	1.00	0	peace#n
pond	noun	1.00	0	pond#n
rage	noun	0.72	0	rage#nv
rage	verb	0.28	0	rage#nv
recommendation	noun	1.00	0	recommendation#n
resume	verb	0.83	7	resume#v
sheet	noun	0.94	391	sheet#n
sigh	noun	0.22	0	sigh#nv
sigh	verb	0.78	0	sigh#nv
thrust	noun	0.21	0	thrust#nv
thrust	verb	0.79	0	thrust#nv
transfer	noun	0.44	21	transfer#nv
transfer	verb	0.56	0	transfer#nv
wavelength	noun	1.00	110	wavelength#n
multiply	verb	0.97	0	multiply#v
confirm	verb	1.00	0	confirm#v
explode	verb	1.00	0	explode#v
react	verb	1.00	0	react#v
relax	verb	1.00	0	relax#v
resist	verb	1.00	605	resist#v
earlier	adv	0.97	1	earlier#a
inner	adj	1.00	0	inner#a
obvious	adj	1.00	1	obvious#a
several	adj	1.00	0	several#a
traditional	adj	1.00	3	traditional#a
unusual	adj	1.00	1	unusual#a
approximately	adv	1.00	0	approximately#a
possibly	adv	1.00	0	possibly#a
slightly	adv	1.00	23	slightly#a
blame	verb	0.78	7	blame#v
detergent	noun	0.96	6	detergent#n
dirt	noun	0.97	2	dirt#n
familiar	adj	0.91	1	familiar#a
outside	adj	0.51	0	outside#a
outside	adv	0.34	0	outside#a
positive	adj	0.95	0	positive#a
western	adj	0.91	0	western#a
accord	verb	0.87	0	accord#v
agreement	noun	1.00	10	agreement#n
appeal	noun	0.71	4	appeal#nv
appeal	verb	0.29	0	appeal#nv
assist	verb	0.88	0	assist#v
belief	noun	1.00	3	belief#n
candidate	noun	1.00	28	candidate#n
cattle	noun	1.00	2	cattle#n
chicago	noun	1.00	89	chicago#n
competition	noun	1.00	2	competition#n
congress	noun	1.00	1	congress#n
consequence	noun	1.00	0	consequence#n
convert	verb	0.90	0	convert#v
customer	noun	1.00	0	customer#n
decade	noun	1.00	0	decade#n
employment	noun	1.00	0	employment#n
fashion	noun	0.76	0	fashion#n
fashion	verb	0.24	7	fashion#v
frequency	noun	1.00	0	frequency#n
gaze	noun	0.26	0	gaze#nv
gaze	verb	0.74	0	gaze#nv
hospital	noun	1.00	0	hospital#n
lock	noun	0.31	8	lock#nv
lock	verb	0.69	0	lock#nv
motion	noun	0.94	8	motion#n
mutter	verb	0.93	4	mutter#v
passage	noun	1.00	48	passage#n
pleasure	noun	1.00	0	pleasure#n
pocket	noun	0.92	0	pocket#n
relation	noun	1.00	0	relation#n
resolve	verb	0.91	0	resolve#v
review	noun	0.36	1	review#nv
review	verb	0.64	0	review#nv
shine	verb	0.97	1	shine#v
tie	noun	0.40	8	tie#nv
tie	verb	0.60	70	tie#nv
wagon	noun	1.00	11	wagon#n
years	noun	1.00	21	years#n
please	verb	0.97	472	please#v
absorb	verb	1.00	6	absorb#v
advise	verb	1.00	29	advise#v
await	verb	1.00	0	await#v
disclose	verb	1.00	1	disclose#v
entertain	verb	1.00	0	entertain#v
forgive	verb	1.00	32	forgive#v
hesitate	verb	1.00	4	hesitate#v
insure	verb	1.00	19	insure#v
seize	verb	1.00	23	seize#v
strengthen	verb	1.00	0	strengthen#v
translate	verb	1.00	28	translate#v
beautiful	adj	1.00	19	beautiful#a
brilliant	adj	1.00	2	brilliant#a
distinct	adj	1.00	8	distinct#a
evident	adj	1.00	2	evident#a
industrial	adj	1.00	34	industrial#a
rural	adj	1.00	0	rural#a
unable	adj	1.00	2	unable#a
hence	adv	1.00	19	hence#a
twice	adv	1.00	6	twice#a
binomial	adj	0.93	5144	binomial#a
commercial	adj	0.84	3	commercial#a
elect	verb	0.90	0	elect#v
fat	adj	0.81	5	fat#a
flash	noun	0.43	8	flash#nv
flash	verb	0.55	16	flash#nv
opposite	noun	0.21	2	opposite#n
opposite	adj	0.77	21	opposite#a
straight	adj	0.58	1	straight#a
straight	adv	0.37	0	straight#a
wound	noun	0.78	2	wound#n
tomorrow	noun	0.87	2	tomorrow#n
arrangement	noun	1.00	15	arrangement#n
beam	noun	0.69	6	beam#nv
beam	verb	0.31	0	beam#nv
bounce	verb	0.84	12	bounce#v
comparison	noun	1.00	6	comparison#n
composer	noun	1.00	10	composer#n
cook	noun	0.24	10	cook#nv
cook	verb	0.76	6	cook#nv
dare	verb	0.96	8	dare#v
desk	noun	1.00	47	desk#n
division	noun	1.00	18	division#n
exchange	noun	0.65	4	exchange#nv
exchange	verb	0.35	34	exchange#nv
host	noun	0.97	0	host#n
humor	noun	0.91	0	humor#n
integration	noun	1.00	0	integration#n
investigation	noun	1.00	0	investigation#n
joy	noun	0.93	0	joy#n
owner	noun	1.00	0	owner#n
player	noun	1.00	0	player#n
project	noun	0.42	0	project#nv
project	verb	0.58	0	project#nv
snow	noun	0.70	0	snow#nv
snow	verb	0.30	0	snow#nv
suggestion	noun	1.00	0	suggestion#n
threat	noun	1.00	24	threat#n
unity	noun	1.00	0	unity#n
winter	noun	0.89	2	winter#n
witness	noun	0.41	2	witness#nv
witness	verb	0.59	0	witness#nv
wood	noun	1.00	0	wood#n
yell	noun	0.33	14	yell#nv
yell	verb	0.67	1	yell#nv
arouse	verb	1.00	0	arouse#v
breathe	verb	1.00	0	breathe#v
calculate	verb	1.00	1	calculate#v
compete	verb	1.00	10	compete#v
distinguish	verb	1.00	0	distinguish#v
distribute	verb	1.00	4	distribute#v
enforce	verb	1.00	0	enforce#v
expand	verb	1.00	3	expand#v
induce	verb	1.00	5	induce#v
occupy	verb	1.00	4	occupy#v
resemble	verb	1.00	0	resemble#v
weigh	verb	1.00	0	weigh#v
minimal	adj	1.00	3	minimal#a
scientific	adj	1.00	1	scientific#a
largely	adv	1.00	1	largely#a
softly	adv	1.00	1	softly#a
academic	adj	0.90	31	academic#a
blanket	noun	0.87	0	blanket#n
dry	verb	0.41	1	dry#v
dry	adj	0.57	0	dry#a
extreme	noun	0.29	0	extreme#n
extreme	adj	0.71	9	extreme#a
minimum	noun	0.31	1	minimum#n
minimum	adj	0.69	15	minimum#a
musical	adj	0.90	106	musical#a
radio	noun	0.84	60	radio#n
self	noun	0.93	2	self#n
sweet	adj	0.82	2	sweet#a
ultimate	adj	0.96	1	ultimate#a
wet	adj	0.78	7	wet#a
advantage	noun	0.96	0	advantage#n
anger	noun	0.90	1	anger#n
arrest	noun	0.21	0	arrest#nv
arrest	verb	0.79	133	arrest#nv
association	noun	1.00	9	association#n
background	noun	0.97	105	background#n
baseball	noun	1.00	21	baseball#n
cup	noun	0.86	40	cup#n
daughter	noun	1.00	79	daughter#n
distinction	noun	1.00	27	distinction#n
economy	noun	1.00	18	economy#n
expenditure	noun	1.00	4	expenditure#n
finance	noun	0.22	11	finance#nv
finance	verb	0.78	2	finance#nv
flux	noun	0.91	0	flux#n
grade	noun	0.86	2	grade#n
grasp	verb	0.86	11	grasp#v
hen	noun	1.00	0	hen#n
holder	noun	1.00	0	holder#n
ice	noun	0.91	0	ice#n
impress	verb	0.97	0	impress#v
independence	noun	1.00	0	independence#n
jury	noun	1.00	0	jury#n
justice	noun	1.00	5	justice#n
leader	noun	1.00	11	leader#n
leap	noun	0.29	2	leap#nv
leap	verb	0.71	0	leap#nv
majority	noun	1.00	0	majority#n
mud	noun	0.93	0	mud#n
neighbor	noun	0.93	0	neighbor#n
occasion	noun	0.88	1	occasion#n
papa	noun	1.00	0	papa#n
protein	noun	1.00	0	protein#n
recreation	noun	1.00	0	recreation#n
register	noun	0.23	4	register#nv
register	verb	0.77	26	register#nv
security	noun	1.00	18	security#n
session	noun	1.00	0	session#n
sin	noun	0.76	61	sin#nv
sin	verb	0.24	1	sin#nv
sketch	noun	0.79	0	sketch#nv
sketch	verb	0.21	0	sketch#nv
station	noun	0.85	15	station#n
surprise	noun	0.48	0	surprise#nv
surprise	verb	0.52	10	surprise#nv
vacation	noun	0.89	1	vacation#n
while	noun	1.00	4	while#n
yield	noun	0.22	2	yield#nv
yield	verb	0.78	19	yield#nv
analyze	verb	1.00	251	analyze#v
anticipate	verb	1.00	4	anticipate#v
condemn	verb	1.00	3	condemn#v
entitle	verb	1.00	2	entitle#v
impose	verb	1.00	7	impose#v
pray	verb	1.00	5	pray#v
critical	adj	1.00	9	critical#a
dangerous	adj	1.00	4	dangerous#a
huge	adj	1.00	43	huge#a
occasional	adj	1.00	8	occasional#a
powerful	adj	0.97	4	powerful#a
practical	adj	1.00	4	practical#a
pure	adj	1.00	418	pure#a
substantial	adj	1.00	19	substantial#a
closely	adv	1.00	0	closely#a
fairly	adv	1.00	3	fairly#a
gradually	adv	1.00	0	gradually#a
greatly	adv	1.00	10	greatly#a
somehow	adv	1.00	0	somehow#a
sufficiently	adv	1.00	178	sufficiently#a
bastard	noun	0.96	464	bastard#n
capital	noun	0.91	17	capital#n
choice	noun	0.83	5	choice#n
clean	verb	0.42	12	clean#v
clean	adj	0.52	0	clean#a
conjugate	noun	0.74	1	conjugate#n
female	noun	0.59	3	female#an
female	adj	0.41	0	female#an
incident	noun	0.71	24	incident#n
incident	adj	0.29	0	incident#a
narrow	verb	0.24	2	narrow#v
narrow	adj	0.73	7	narrow#a
negro	noun	0.70	5	negro#n
negro	adj	0.30	0	negro#a
northern	adj	0.96	3	northern#a
pretend	verb	0.93	2	pretend#v
standard	noun	0.54	53	standard#n
standard	adj	0.46	0	standard#a
tonight	adv	0.85	14	tonight#a
apparatus	noun	1.00	0	apparatus#n
barn	noun	1.00	0	barn#n
bedroom	noun	1.00	0	bedroom#n
camera	noun	1.00	0	camera#n
cheek	noun	0.96	0	cheek#n
cite	verb	0.97	0	cite#v
confidence	noun	1.00	0	confidence#n
conviction	noun	1.00	0	conviction#n
corpse	noun	1.00	0	corpse#n
credit	noun	0.69	0	credit#nv
credit	verb	0.31	0	credit#nv
debate	noun	0.73	0	debate#nv
debate	verb	0.27	0	debate#nv
discovery	noun	1.00	0	discovery#n
drama	noun	1.00	0	drama#n
environment	noun	1.00	0	environment#n
identity	noun	1.00	0	identity#n
instance	noun	0.96	0	instance#n
interrupt	verb	0.96	0	interrupt#v
launch	verb	0.93	0	launch#v
leadership	noun	1.00	0	leadership#n
pick	noun	0.23	3	pick#nv
pick	verb	0.77	21	pick#nv
planet	noun	1.00	3	planet#n
powder	noun	0.93	29	powder#n
protest	noun	0.43	0	protest#nv
protest	verb	0.57	0	protest#nv
quantity	noun	1.00	4	quantity#n
resource	noun	1.00	4	resource#n
sequence	noun	0.90	0	sequence#n
snap	noun	0.29	6	snap#nv
snap	verb	0.71	10	snap#nv
stir	verb	0.91	0	stir#v
stumble	verb	0.93	5	stumble#v
tendency	noun	1.00	0	tendency#n
tsunami	noun	1.00	0	tsunami#n
twist	noun	0.38	0	twist#nv
twist	verb	0.62	120	twist#nv
whisper	noun	0.26	1	whisper#nv
whisper	verb	0.74	0	whisper#nv
wing	noun	0.85	75	wing#n
wire	noun	0.70	0	wire#nv
wire	verb	0.30	1	wire#nv
accuse	verb	1.00	2	accuse#v
attain	verb	1.00	11	attain#v
behave	verb	1.00	11	behave#v
govern	verb	1.00	0	govern#v
adequate	adj	1.00	10	adequate#a
careful	adj	1.00	0	careful#a
financial	adj	1.00	1	financial#a
prominent	adj	1.00	1	prominent#a
suburban	adj	1.00	5	suburban#a
sympathetic	adj	1.00	1	sympathetic#a
properly	adv	1.00	25	properly#a
damn	verb	0.22	0	damn#v
damn	adj	0.64	8	damn#a
flat	noun	0.21	2	flat#n
flat	adj	0.75	21	flat#a
initial	adj	0.88	3	initial#a
key	noun	0.71	3	key#n
liquid	noun	0.40	386	liquid#n
liquid	adj	0.60	24	liquid#a
metal	noun	0.77	0	metal#n
metal	adj	0.20	0	metal#a
organic	adj	0.96	3	organic#a
rapid	adj	0.96	0	rapid#a
rough	adj	0.85	1	rough#a
universal	adj	0.86	6	universal#a
valuable	adj	0.96	0	valuable#a
welcome	verb	0.75	1	welcome#v
worth	noun	0.34	2	worth#an
worth	adj	0.66	2307	worth#an
article	noun	0.96	12	article#n
bar	noun	0.64	88	bar#nv
bar	verb	0.36	0	bar#nv
bind	verb	0.97	0	bind#v
cast	noun	0.38	1	cast#nv
cast	verb	0.62	2	cast#nv
chain	noun	0.94	0	chain#n
challenge	noun	0.36	0	challenge#nv
challenge	verb	0.64	41	challenge#nv
christ	noun	1.00	0	christ#n
confusion	noun	1.00	1	confusion#n
consciousness	noun	1.00	0	consciousness#n
contract	noun	0.49	5	contract#nv
contract	verb	0.51	15	contract#nv
contribution	noun	1.00	6	contribution#n
cow	noun	0.96	5	cow#n
definition	noun	1.00	9	definition#n
devil	noun	0.93	43	devil#n
efficiency	noun	1.00	3	efficiency#n
establishment	noun	1.00	0	establishment#n
float	verb	0.81	0	float#v
formation	noun	1.00	0	formation#n
generation	noun	1.00	0	generation#n
health	noun	1.00	0	health#n
impression	noun	1.00	0	impression#n
jerk	noun	0.26	1	jerk#nv
jerk	verb	0.74	0	jerk#nv
king	noun	1.00	0	king#n
milk	noun	0.78	0	milk#nv
milk	verb	0.22	1	milk#nv
mistake	noun	0.73	0	mistake#nv
mistake	verb	0.27	1	mistake#nv
pace	noun	0.55	4	pace#nv
pace	verb	0.45	0	pace#nv
path	noun	1.00	0	path#n
philosophy	noun	1.00	126	philosophy#n
pool	noun	0.83	0	pool#n
porch	noun	1.00	0	porch#n
preparation	noun	1.00	0	preparation#n
queen	noun	0.94	0	queen#n
ratio	noun	1.00	0	ratio#n
representation	noun	1.00	0	representation#n
responsibility	noun	1.00	0	responsibility#n
sex	noun	0.93	0	sex#n
shear	noun	0.77	11	shear#nv
shear	verb	0.23	0	shear#nv
stain	noun	0.34	6	stain#nv
stain	verb	0.66	4	stain#nv
status	noun	1.00	2	status#n
steel	noun	0.89	1	steel#n
substance	noun	1.00	2	substance#n
sympathy	noun	1.00	2	sympathy#n
velocity	noun	1.00	0	velocity#n
admire	verb	1.00	6	admire#v
appoint	verb	1.00	9	appoint#v
borrow	verb	1.00	31	borrow#v
compel	verb	1.00	1	compel#v
consult	verb	1.00	2	consult#v
contemplate	verb	1.00	7	contemplate#v
detect	verb	1.00	0	detect#v
dominate	verb	1.00	1	dominate#v
withdraw	verb	1.00	6	withdraw#v
artistic	adj	1.00	3	artistic#a
democratic	adj	1.00	42	democratic#a
famous	adj	1.00	12	famous#a
historical	adj	1.00	0	historical#a
identical	adj	1.00	8	identical#a
legal	adj	1.00	0	legal#a
satisfactory	adj	1.00	3	satisfactory#a
continually	adv	1.00	20	continually#a
seriously	adv	1.00	40	seriously#a
similarly	adv	1.00	2	similarly#a
truly	adv	1.00	5	truly#a
eager	adj	0.95	161	eager#a
expert	noun	0.84	6	expert#n
gay	adj	0.96	9	gay#a
sensitive	adj	0.96	21	sensitive#a
tough	adj	0.91	1	tough#a
weather	noun	0.78	63	weather#n
arrow	noun	1.00	72	arrow#n
bee	noun	1.00	22	bee#n
category	noun	1.00	64	category#n
coach	noun	0.83	0	coach#n
coast	noun	0.92	5	coast#n
comedy	noun	1.00	211	comedy#n
conversation	noun	1.00	27	conversation#n
cop	noun	0.91	3491	cop#n
crime	noun	1.00	0	crime#n
despair	noun	0.85	11	despair#n
doctrine	noun	1.00	1	doctrine#n
egg	noun	0.92	2	egg#n
excitement	noun	1.00	0	excitement#n
fist	noun	1.00	23	fist#n
flesh	noun	0.96	0	flesh#n
fog	noun	0.96	0	fog#n
guard	noun	0.62	5	guard#nv
guard	verb	0.38	4	guard#nv
historian	noun	1.00	3	historian#n
injury	noun	1.00	4	injury#n
leaf	noun	0.88	0	leaf#n
lick	verb	0.89	0	lick#v
manufacturer	noun	1.00	0	manufacturer#n
meal	noun	1.00	0	meal#n
mood	noun	1.00	0	mood#n
observer	noun	1.00	0	observer#n
oxidation	noun	1.00	0	oxidation#n
paris	noun	1.00	0	paris#n
park	noun	0.62	0	park#nv
park	verb	0.38	0	park#nv
plot	noun	0.65	0	plot#nv
plot	verb	0.35	4	plot#nv
recognition	noun	1.00	0	recognition#n
reduction	noun	1.00	0	reduction#n
reflection	noun	1.00	178	reflection#n
resolution	noun	1.00	0	resolution#n
rock	noun	0.77	0	rock#nv
rock	verb	0.23	4	rock#nv
rub	verb	0.92	0	rub#v
salesman	noun	1.00	0	salesman#n
snake	noun	0.81	109	snake#n
specialist	noun	1.00	0	specialist#n
spectrum	noun	1.00	14	spectrum#n
staff	noun	0.81	70	staff#n
symbol	noun	1.00	9	symbol#n
tongue	noun	0.93	4	tongue#n
tool	noun	0.80	10	tool#nv
tool	verb	0.20	0	tool#nv
trend	noun	0.96	27	trend#n
truck	noun	0.92	0	truck#n
concede	verb	1.00	91	concede#v
connect	verb	1.00	0	connect#v
cooperate	verb	1.00	161	cooperate#v
depart	verb	1.00	6	depart#v
exert	verb	1.00	3	exert#v
explore	verb	1.00	0	explore#v
greet	verb	1.00	0	greet#v
inspire	verb	1.00	4	inspire#v
persist	verb	1.00	14	persist#v
qualify	verb	1.00	3	qualify#v
relieve	verb	1.00	83	relieve#v
restrict	verb	1.00	69	restrict#v
stimulate	verb	1.00	0	stimulate#v
weep	verb	1.00	4	weep#v
continuous	adj	1.00	32	continuous#a
cultural	adj	1.00	10	cultural#a
intense	adj	1.00	32	intense#a
profound	adj	1.00	11	profound#a
normally	adv	1.00	0	normally#a
simultaneously	adv	1.00	2	simultaneously#a
widely	adv	1.00	5	widely#a
brief	adj	0.79	0	brief#a
effluent	noun	0.95	74	effluent#n
halt	noun	0.20	2	halt#nv
halt	verb	0.77	8	halt#nv
imitation	noun	0.88	1	imitation#n
principal	noun	0.51	0	principal#n
principal	adj	0.49	30	principal#a
atom	noun	1.00	22	atom#n
bet	verb	0.88	4	bet#v
brigade	noun	0.95	3	brigade#n
concentrate	noun	0.23	0	concentrate#nv
concentrate	verb	0.77	114	concentrate#nv
conscience	noun	1.00	24	conscience#n
creature	noun	1.00	14	creature#n
crew	noun	0.96	8	crew#n
curiosity	noun	1.00	333	curiosity#n
defeat	noun	0.45	7	defeat#nv
defeat	verb	0.55	0	defeat#nv
discharge	noun	0.56	347	discharge#nv
discharge	verb	0.44	0	discharge#nv
entry	noun	1.00	0	entry#n
formula	noun	1.00	23	formula#n
garden	noun	0.85	1	garden#n
gate	noun	0.88	261	gate#n
height	noun	1.00	2	height#n
horror	noun	1.00	1	horror#n
insert	verb	0.85	0	insert#v
interval	noun	1.00	5	interval#n
laboratory	noun	1.00	12	laboratory#n
loan	noun	0.84	12	loan#n
measurement	noun	1.00	2	measurement#n
membership	noun	1.00	0	membership#n
pansy	noun	1.00	2	pansy#n
plunge	verb	0.90	5	plunge#v
professor	noun	1.00	4	professor#n
safety	noun	1.00	5	safety#n
sewage	noun	1.00	0	sewage#n
shell	noun	0.76	0	shell#nv
shell	verb	0.24	1	shell#nv
sir	noun	1.00	0	sir#n
skin	noun	0.86	0	skin#n
slave	noun	0.96	0	slave#n
southerner	noun	1.00	0	southerner#n
squeeze	noun	0.24	3	squeeze#nv
squeeze	verb	0.76	0	squeeze#nv
strip	noun	0.50	0	strip#nv
strip	verb	0.50	11	strip#nv
sum	noun	0.93	0	sum#n
target	noun	0.96	0	target#n
taste	noun	0.54	1	taste#nv
taste	verb	0.46	1	taste#nv
telephone	noun	0.62	0	telephone#nv
telephone	verb	0.38	2	telephone#nv
tension	noun	1.00	0	tension#n
whisky	noun	1.00	12	whisky#n
correct	verb	0.63	0	correct#v
correct	adj	0.37	0	correct#a
dull	verb	0.23	0	dull#v
dull	adj	0.78	0	dull#a
belong	verb	1.00	0	belong#v
celebrate	verb	1.00	3	celebrate#v
denote	verb	1.00	3998	denote#v
dismiss	verb	1.00	3	dismiss#v
fasten	verb	1.00	15	fasten#v
generate	verb	1.00	56	generate#v
invent	verb	1.00	24	invent#v
owe	verb	1.00	3	owe#v
plead	verb	1.00	3	plead#v
precede	verb	1.00	21	precede#v
strive	verb	1.00	11	strive#v
wander	verb	1.00	4	wander#v
comfortable	adj	1.00	0	comfortable#a
experimental	adj	1.00	13	experimental#a
grim	adj	1.00	39	grim#a
healthy	adj	1.00	4	healthy#a
nonspecific	adj	1.00	13	nonspecific#a
nuclear	adj	1.00	65	nuclear#a
pursuant	adj	1.00	0	pursuant#a
tiny	adj	1.00	0	tiny#a
briefly	adv	1.00	9	briefly#a
considerably	adv	1.00	5	considerably#a
deeply	adv	1.00	10	deeply#a
everywhere	adv	1.00	0	everywhere#a
furthermore	adv	1.00	3	furthermore#a
partly	adv	1.00	5	partly#a
readily	adv	1.00	0	readily#a
sharply	adv	1.00	11	sharply#a
blind	noun	0.28	0	blind#n
blind	adj	0.54	10	blind#a
bottom	noun	0.83	5	bottom#n
central	adj	0.95	5	central#a
communist	noun	0.41	0	communist#n
communist	adj	0.59	1	communist#a
crack	noun	0.33	13	crack#nv
crack	verb	0.61	76	crack#nv
current	noun	0.54	2	current#n
current	adj	0.46	0	current#a
fast	adj	0.55	12	fast#a
fast	adv	0.37	0	fast#a
formal	adj	0.92	8	formal#a
fundamental	adj	0.91	2	fundamental#a
gold	noun	0.79	10	gold#an
gold	adj	0.21	0	gold#an
motive	noun	0.88	2	motive#n
proof	noun	0.80	0	proof#n
substitute	noun	0.33	3	substitute#nv
substitute	verb	0.58	0	substitute#nv
uniform	noun	0.63	3	uniform#n
uniform	adj	0.33	0	uniform#a
waste	noun	0.34	39	waste#nv
waste	verb	0.64	0	waste#nv
advice	noun	1.00	8	advice#n
anaconda	noun	1.00	97	anaconda#n
basement	noun	1.00	5	basement#n
beauty	noun	1.00	0	beauty#n
beer	noun	1.00	1	beer#n
campaign	noun	0.65	6	campaign#nv
campaign	verb	0.35	5	campaign#nv
cat	noun	0.93	0	cat#n
clarity	noun	1.00	3	clarity#n
combination	noun	1.00	2	combination#n
complement	noun	0.86	0	complement#n
conception	noun	1.00	0	conception#n
conflict	noun	0.83	0	conflict#n
context	noun	1.00	0	context#n
demonstration	noun	1.00	0	demonstration#n
dignity	noun	1.00	0	dignity#n
entrance	noun	0.91	0	entrance#n
factory	noun	1.00	0	factory#n
grin	noun	0.27	2	grin#nv
grin	verb	0.73	0	grin#nv
hatred	noun	1.00	0	hatred#n
hut	noun	1.00	0	hut#n
hypothalamus	noun	1.00	0	hypothalamus#n
impact	noun	0.92	0	impact#n
improvement	noun	1.00	0	improvement#n
instruction	noun	1.00	0	instruction#n
kiss	noun	0.35	3	kiss#nv
kiss	verb	0.65	0	kiss#nv
link	noun	0.46	0	link#nv
link	verb	0.54	0	link#nv
liquor	noun	1.00	15	liquor#n
machinery	noun	1.00	0	machinery#n
musician	noun	1.00	0	musician#n
mystery	noun	1.00	4	mystery#n
necessity	noun	1.00	2	necessity#n
outcome	noun	1.00	0	outcome#n
pack	noun	0.28	0	pack#nv
pack	verb	0.72	0	pack#nv
pitcher	noun	1.00	0	pitcher#n
proposal	noun	1.00	0	proposal#n
race	noun	0.52	0	race#nv
race	verb	0.48	5	race#nv
request	noun	0.43	18	request#nv
request	verb	0.57	43	request#nv
scratch	noun	0.31	2	scratch#nv
scratch	verb	0.69	6	scratch#nv
seat	noun	0.57	5	seat#nv
seat	verb	0.43	1	seat#nv
shore	noun	0.87	11	shore#n
stick	noun	0.52	1	stick#n
stick	verb	0.48	1	stick#v
stockholder	noun	1.00	5	stockholder#n
swallow	noun	0.21	0	swallow#nv
swallow	verb	0.79	0	swallow#nv
talent	noun	1.00	1	talent#n
tangent	noun	1.00	21	tangent#n
theology	noun	1.00	19	theology#n
trace	noun	0.38	1	trace#nv
trace	verb	0.62	2	trace#nv
tumor	noun	1.00	38	tumor#n
violence	noun	1.00	6	violence#n
whip	noun	0.25	10	whip#nv
whip	verb	0.75	4	whip#nv
administer	verb	1.00	0	administer#v
beg	verb	1.00	382	beg#v
bury	verb	1.00	37	bury#v
coincide	verb	1.00	0	coincide#v
correspond	verb	1.00	51	correspond#v
evaluate	verb	1.00	0	evaluate#v
instruct	verb	1.00	16	instruct#v
modify	verb	1.00	19	modify#v
prevail	verb	1.00	0	prevail#v
angry	adj	1.00	0	angry#a
conventional	adj	1.00	29	conventional#a
dramatic	adj	1.00	1	dramatic#a
mysterious	adj	1.00	0	mysterious#a
numerous	adj	1.00	9	numerous#a
regional	adj	1.00	14	regional#a
residential	adj	1.00	58	residential#a
weak	adj	1.00	1	weak#a
firmly	adv	1.00	17	firmly#a
forever	adv	1.00	40	forever#a
quietly	adv	1.00	13	quietly#a
respectively	adv	1.00	77	respectively#a
strongly	adv	1.00	0	strongly#a
swiftly	adv	1.00	5	swiftly#a
equivalent	noun	0.95	18	equivalent#n
iron	noun	0.78	5	iron#n
master	noun	0.69	7	master#nv
master	verb	0.28	0	master#nv
novel	noun	0.70	15	novel#n
novel	adj	0.30	0	novel#a
overall	noun	0.24	0	overall#n
overall	adj	0.76	4	overall#a
perfect	adj	0.77	134	perfect#a
reverse	noun	0.24	0	reverse#nv
reverse	verb	0.65	0	reverse#nv
sick	adj	0.89	1	sick#a
signal	noun	0.67	0	signal#nv
signal	verb	0.30	5	signal#nv
spare	verb	0.62	7	spare#v
spare	adj	0.29	0	spare#a
unknown	noun	0.27	0	unknown#an
unknown	adj	0.73	41	unknown#an
veteran	noun	0.62	1	veteran#an
veteran	adj	0.38	0	veteran#an
antibody	noun	1.00	1	antibody#n
baby	noun	0.96	3	baby#n
cent	noun	1.00	0	cent#n
civilization	noun	1.00	8	civilization#n
clutch	noun	0.33	16	clutch#nv
clutch	verb	0.67	0	clutch#nv
collage	noun	1.00	99	collage#n
committee	noun	1.00	4	committee#n
commute	verb	0.96	7	commute#v
creep	verb	0.84	3	creep#v
crisis	noun	1.00	4	crisis#n
delay	noun	0.22	3	delay#nv
delay	verb	0.78	0	delay#nv
density	noun	1.00	4	density#n
driver	noun	1.00	45	driver#n
earthquake	noun	1.00	39	earthquake#n
editor	noun	1.00	27	editor#n
examination	noun	1.00	21	examination#n
frame	noun	0.64	3	frame#nv
frame	verb	0.36	0	frame#nv
glue	verb	0.90	0	glue#v
impulse	noun	1.00	0	impulse#n
iodine	noun	1.00	0	iodine#n
journey	noun	0.86	0	journey#n
knock	noun	0.26	0	knock#nv
knock	verb	0.74	0	knock#nv
landscape	noun	0.91	0	landscape#n
lesson	noun	1.00	0	lesson#n
load	noun	0.62	0	load#nv
load	verb	0.38	5	load#nv
magnitude	noun	1.00	0	magnitude#n
mine	noun	0.79	0	mine#nv
mine	verb	0.21	1	mine#nv
mixture	noun	1.00	0	mixture#n
mountain	noun	1.00	0	mountain#n
neglect	noun	0.30	4	neglect#nv
neglect	verb	0.70	0	neglect#nv
oath	noun	1.00	0	oath#n
photograph	noun	0.60	8	photograph#nv
photograph	verb	0.40	2	photograph#nv
pistol	noun	1.00	0	pistol#n
plate	noun	0.97	20	plate#n
prevention	noun	1.00	1	prevention#n
proportion	noun	0.92	3	proportion#n
root	noun	0.76	8	root#nv
root	verb	0.24	0	root#nv
sail	verb	0.81	0	sail#v
seed	noun	0.71	0	seed#nv
seed	verb	0.29	1	seed#nv
someone	noun	1.00	52	someone#n
sport	noun	0.89	0	sport#n
stagger	verb	0.95	434	stagger#v
tent	noun	0.95	1	tent#n
texture	noun	1.00	0	texture#n
wheel	noun	0.59	0	wheel#nv
wheel	verb	0.41	1	wheel#nv
wipe	verb	0.95	0	wipe#v
erect	verb	0.61	23	erect#v
erect	adj	0.39	0	erect#a
awaken	verb	1.00	18	awaken#v
characterize	verb	1.00	0	characterize#v
commence	verb	1.00	1	commence#v
communicate	verb	1.00	47	communicate#v
contend	verb	1.00	1	contend#v
convey	verb	1.00	47	convey#v
discourage	verb	1.00	0	discourage#v
disturb	verb	1.00	1	disturb#v
enact	verb	1.00	6	enact#v
formulate	verb	1.00	4	formulate#v
inquire	verb	1.00	7	inquire#v
isolate	verb	1.00	16	isolate#v
negotiate	verb	1.00	5	negotiate#v
restore	verb	1.00	12	restore#v
straighten	verb	1.00	39	straighten#v
suspend	verb	1.00	1	suspend#v
sustain	verb	1.00	1	sustain#v
thank	verb	1.00	4	thank#v
vanish	verb	1.00	2	vanish#v
alive	adj	1.00	49	alive#a
competitive	adj	1.00	0	competitive#a
enormous	adj	1.00	0	enormous#a
excellent	adj	1.00	10	excellent#a
honest	adj	1.00	6	honest#a
odd	adj	1.00	182	odd#a
precise	adj	1.00	7	precise#a
previous	adj	1.00	181	previous#a
sexual	adj	1.00	5	sexual#a
automatically	adv	1.00	2	automatically#a
extremely	adv	1.00	0	extremely#a
surely	adv	1.00	51	surely#a
absolute	adj	0.91	13	absolute#a
alternative	noun	0.68	0	alternative#an
alternative	adj	0.32	0	alternative#an
behind	adv	0.84	13	behind#a
chief	noun	0.35	72	chief#n
chief	adj	0.65	14	chief#a
concrete	noun	0.57	22	concrete#n
concrete	adj	0.37	0	concrete#a
constant	noun	0.24	2	constant#n
constant	adj	0.76	0	constant#a
contemporary	adj	0.83	72	contemporary#a
double	noun	0.27	1	double#anv
double	verb	0.35	6978	double#nv
double	adj	0.33	0	double#an
electric	adj	0.95	176	electric#a
interior	noun	0.76	0	interior#n
interior	adj	0.24	0	interior#a
representative	noun	0.74	21	representative#n
representative	adj	0.26	0	representative#a
secret	noun	0.31	3	secret#n
secret	adj	0.69	18	secret#a
smooth	verb	0.31	9	smooth#v
smooth	adj	0.67	38	smooth#a
aside	adv	0.92	5	aside#a
meanwhile	adv	0.95	0	meanwhile#a
yesterday	noun	0.60	6	yesterday#n
yesterday	adv	0.40	0	yesterday#a
antenna	noun	1.00	5	antenna#n
attribute	noun	0.22	28	attribute#n
attribute	verb	0.78	13	attribute#v
bag	noun	0.81	144	bag#n
brass	noun	1.00	0	brass#n
bunk	noun	0.88	60	bunk#n
capture	noun	0.27	4	capture#nv
capture	verb	0.73	0	capture#nv
cigarette	noun	1.00	13	cigarette#n
cling	verb	0.95	2	cling#v
cloth	noun	1.00	2	cloth#n
conference	noun	1.00	2	conference#n
crash	noun	0.41	0	crash#nv
crash	verb	0.59	6	crash#nv
crouch	verb	0.86	7	crouch#v
decrease	noun	0.33	17	decrease#nv
decrease	verb	0.67	6	decrease#nv
deduction	noun	1.00	0	deduction#n
din	noun	0.82	1	din#n
disk	noun	0.91	1	disk#n
fish	noun	0.80	2	fish#nv
fish	verb	0.20	0	fish#nv
folk	noun	1.00	10	folk#n
horizon	noun	1.00	0	horizon#n
implication	noun	1.00	0	implication#n
inning	noun	1.00	0	inning#n
interpretation	noun	1.00	0	interpretation#n
jacket	noun	0.88	0	jacket#n
linguist	noun	1.00	0	linguist#n
luck	noun	1.00	0	luck#n
magazine	noun	1.00	0	magazine#n
mess	noun	0.92	0	mess#n
nucleus	noun	1.00	0	nucleus#n
opposition	noun	1.00	0	opposition#n
origin	noun	1.00	0	origin#n
outlook	noun	1.00	0	outlook#n
personality	noun	1.00	10	personality#n
philosopher	noun	1.00	0	philosopher#n
possession	noun	1.00	0	possession#n
producer	noun	1.00	2	producer#n
psychologist	noun	1.00	0	psychologist#n
residence	noun	1.00	0	residence#n
rhythm	noun	1.00	2	rhythm#n
scan	verb	0.82	0	scan#v
selection	noun	1.00	3	selection#n
sensation	noun	1.00	85	sensation#n
sidewalk	noun	1.00	0	sidewalk#n
slam	verb	0.83	0	slam#v
spin	verb	0.83	0	spin#v
strain	noun	0.54	0	strain#nv
strain	verb	0.46	3	strain#nv
suburb	noun	1.00	0	suburb#n
suit	noun	0.63	10	suit#n
suit	verb	0.37	0	suit#v
tap	noun	0.28	1	tap#nv
tap	verb	0.72	10	tap#nv
tumble	verb	0.90	59	tumble#v
deduct	verb	1.00	12	deduct#v
descend	verb	1.00	0	descend#v
endure	verb	1.00	1	endure#v
exaggerate	verb	1.00	3	exaggerate#v
forbid	verb	1.00	4	forbid#v
fulfill	verb	1.00	283	fulfill#v
hasten	verb	1.00	4	hasten#v
lend	verb	1.00	0	lend#v
necessitate	verb	1.00	2	necessitate#v
originate	verb	1.00	59	originate#v
recover	verb	1.00	4	recover#v
restrain	verb	1.00	0	restrain#v
specify	verb	1.00	2	specify#v
symbolize	verb	1.00	0	symbolize#v
uphold	verb	1.00	617	uphold#v
administrative	adj	1.00	6	administrative#a
convenient	adj	1.00	0	convenient#a
creative	adj	1.00	0	creative#a
desirable	adj	1.00	0	desirable#a
electrical	adj	1.00	2	electrical#a
extensive	adj	1.00	26	extensive#a
impressive	adj	1.00	15	impressive#a
mental	adj	1.00	38	mental#a
older	adj	1.00	6	older#a
proud	adj	1.00	0	proud#a
tight	adj	0.83	2	tight#a
useful	adj	1.00	5	useful#a
visible	adj	1.00	10	visible#a
wooden	adj	1.00	0	wooden#a
anyway	adv	1.00	10	anyway#a
equally	adv	1.00	32	equally#a
increasingly	adv	1.00	8	increasingly#a
instantly	adv	1.00	1	instantly#a
personally	adv	1.00	0	personally#a
presumably	adv	1.00	1	presumably#a
rarely	adv	1.00	0	rarely#a
ace	noun	0.81	1	ace#n
avocado	noun	0.94	1	avocado#n
champion	noun	0.86	40	champion#n
coordinate	verb	0.79	8	coordinate#v
faint	adj	0.88	7	faint#a
innocent	adj	0.96	6	innocent#a
metropolitan	adj	0.89	12	metropolitan#a
middle	noun	0.54	0	middle#n
middle	adj	0.43	0	middle#a
negative	adj	0.86	5	negative#a
smart	adj	0.88	6	smart#a
star	noun	0.74	6	star#n
swell	noun	0.30	1	swell#n
swell	verb	0.64	3	swell#v
swift	noun	0.20	0	swift#n
swift	adj	0.80	59	swift#a
wise	noun	0.21	0	wise#n
wise	adj	0.79	1	wise#a
worse	adj	0.71	4	worse#a
worse	adv	0.21	0	worse#a
plenty	noun	0.71	11	plenty#n
plenty	adv	0.29	0	plenty#a
slap	verb	0.84	0	slap#v
acre	noun	1.00	0	acre#n
aircraft	noun	1.00	0	aircraft#n
approval	noun	1.00	0	approval#n
automobile	noun	0.94	0	automobile#n
barrel	noun	0.95	0	barrel#n
bid	noun	0.22	12	bid#nv
bid	verb	0.78	0	bid#nv
bite	noun	0.37	2	bite#nv
bite	verb	0.63	0	bite#nv
bow	noun	0.46	0	bow#nv
bow	verb	0.54	0	bow#nv
cancer	noun	1.00	0	cancer#n
decline	noun	0.33	12	decline#nv
decline	verb	0.67	0	decline#nv
devise	verb	0.90	0	devise#v
freeze	verb	0.86	0	freeze#v
grip	noun	0.47	16	grip#nv
grip	verb	0.53	0	grip#nv
label	noun	0.35	0	label#nv
label	verb	0.65	0	label#nv
murmur	noun	0.29	0	murmur#nv
murmur	verb	0.71	0	murmur#nv
slash	verb	0.83	0	slash#v
dirty	adj	0.96	0	dirty#a
exact	adj	0.85	0	exact#a
accommodate	verb	1.00	0	accommodate#v
betray	verb	1.00	0	betray#v
comprise	verb	1.00	3	comprise#v
confuse	verb	1.00	0	confuse#v
convince	verb	1.00	0	convince#v
oblige	verb	1.00	0	oblige#v
quit	verb	1.00	0	quit#v
utilize	verb	1.00	0	utilize#v
clinical	adj	1.00	0	clinical#a
delicate	adj	1.00	0	delicate#a
extraordinary	adj	1.00	0	extraordinary#a
peculiar	adj	1.00	0	peculiar#a
remarkable	adj	1.00	1	remarkable#a
severe	adj	1.00	6	severe#a
theological	adj	1.00	6	theological#a
uneasy	adj	1.00	1	uneasy#a
evidently	adv	1.00	27	evidently#a
perfectly	adv	1.00	0	perfectly#a
successfully	adv	1.00	1	successfully#a
thereby	adv	1.00	10	thereby#a
thoroughly	adv	1.00	18	thoroughly#a
wildly	adv	1.00	2	wildly#a
chemical	noun	0.30	1367	chemical#an
chemical	adj	0.70	0	chemical#an
irish	noun	0.25	0	irish#an
irish	adj	0.75	0	irish#an
nineteenth	adj	0.94	0	nineteenth#a
raw	adj	0.96	0	raw#a
round	noun	0.45	0	round#n
round	adj	0.29	0	round#a
upper	adj	0.85	0	upper#a
worthy	adj	0.94	0	worthy#a
collapse	noun	0.32	14	collapse#nv
collapse	verb	0.68	1	collapse#nv
dig	verb	0.81	23	dig#v
fade	verb	0.90	11	fade#v
fling	verb	0.86	58	fling#v
heave	noun	0.21	0	heave#nv
heave	verb	0.79	0	heave#nv
initiate	verb	0.86	0	initiate#v
institute	verb	0.89	0	institute#v
interview	noun	0.41	2	interview#nv
interview	verb	0.59	0	interview#nv
loom	verb	0.90	0	loom#v
pitch	noun	0.45	12	pitch#nv
pitch	verb	0.55	0	pitch#nv
praise	noun	0.32	14	praise#nv
praise	verb	0.68	0	praise#nv
reserve	noun	0.38	1	reserve#nv
reserve	verb	0.62	0	reserve#nv
snatch	noun	0.23	0	snatch#nv
snatch	verb	0.77	0	snatch#nv
wink	verb	0.82	0	wink#v
affirm	verb	1.00	0	affirm#v
assess	verb	1.00	0	assess#v
classify	verb	1.00	0	classify#v
depict	verb	1.00	0	depict#v
enlist	verb	1.00	0	enlist#v
illuminate	verb	1.00	0	illuminate#v
inherit	verb	1.00	0	inherit#v
inspect	verb	1.00	0	inspect#v
interfere	verb	1.00	0	interfere#v
minimize	verb	1.00	0	minimize#v
obey	verb	1.00	0	obey#v
portray	verb	1.00	0	portray#v
reproduce	verb	1.00	0	reproduce#v
resent	verb	1.00	5	resent#v
testify	verb	1.00	7	testify#v
unite	verb	1.00	0	unite#v
ambiguous	adj	1.00	4	ambiguous#a
aqueous	adj	1.00	0	aqueous#a
awful	adj	0.80	4	awful#a
awful	adv	0.20	0	awful#a
bacterial	adj	1.00	4	bacterial#a
fierce	adj	1.00	0	fierce#a
inadequate	adj	1.00	0	inadequate#a
operational	adj	1.00	3	operational#a
physiological	adj	1.00	30	physiological#a
terrible	adj	1.00	1	terrible#a
vigorous	adj	1.00	1	vigorous#a
vivid	adj	1.00	0	vivid#a
wonderful	adj	1.00	28	wonderful#a
anyhow	adv	1.00	39	anyhow#a
deliberately	adv	1.00	15	deliberately#a
elsewhere	adv	1.00	2	elsewhere#a
eventually	adv	1.00	1	eventually#a
vaguely	adv	1.00	2	vaguely#a
automatic	adj	0.89	0	automatic#a
bound	verb	0.33	19	bound#v
bound	adj	0.55	4	bound#a
conservative	noun	0.22	25	conservative#n
conservative	adj	0.78	0	conservative#a
crazy	adj	0.95	1	crazy#a
downtown	noun	0.44	1	downtown#an
downtown	adj	0.52	6	downtown#an
external	adj	0.94	0	external#a
fair	adj	0.72	37	fair#a
fifth	noun	0.26	0	fifth#an
fifth	adj	0.74	1	fifth#an
fine	adj	0.70	1	fine#a
fine	adv	0.22	0	fine#a
found	verb	0.80	17	found#v
glad	adj	0.94	0	glad#a
minor	adj	0.88	0	minor#a
pat	verb	0.75	0	pat#v
permanent	adj	0.94	0	permanent#a
plain	adj	0.80	0	plain#a
potential	noun	0.44	2	potential#n
potential	adj	0.56	0	potential#a
probable	adj	0.94	0	probable#a
remote	adj	0.95	0	remote#a
split	noun	0.43	0	split#nv
split	verb	0.49	0	split#nv
upstairs	adj	0.27	0	upstairs#a
upstairs	adv	0.68	0	upstairs#a
bat	noun	0.31	40	bat#nv
bat	verb	0.69	0	bat#nv
blink	verb	0.94	0	blink#v
boast	verb	0.88	0	boast#v
choke	verb	0.93	0	choke#v
cure	noun	0.35	35	cure#nv
cure	verb	0.65	0	cure#nv
dislike	noun	0.36	2	dislike#nv
dislike	verb	0.64	0	dislike#nv
duck	noun	0.32	43	duck#n
duck	verb	0.68	0	duck#v
dump	verb	0.83	0	dump#v
filter	noun	0.30	18	filter#nv
filter	verb	0.70	0	filter#nv
guarantee	noun	0.26	3	guarantee#nv
guarantee	verb	0.74	0	guarantee#nv
print	noun	0.39	1	print#nv
print	verb	0.61	0	print#nv
scatter	verb	0.90	0	scatter#v
scramble	verb	0.86	0	scramble#v
swim	verb	0.95	0	swim#v
designate	verb	0.95	0	designate#v
elaborate	verb	0.42	13	elaborate#v
elaborate	adj	0.58	0	elaborate#a
foster	verb	0.89	0	foster#v
gentle	adj	0.83	0	gentle#a
shut	verb	0.59	0	shut#v
shut	adj	0.41	0	shut#a
cherish	verb	1.00	0	cherish#v
confess	verb	1.00	0	confess#v
criticize	verb	1.00	0	criticize#v
deem	verb	1.00	0	deem#v
denounce	verb	1.00	0	denounce#v
evoke	verb	1.00	0	evoke#v
exclaim	verb	1.00	0	exclaim#v
merge	verb	1.00	11	merge#v
preach	verb	1.00	0	preach#v
revive	verb	1.00	1	revive#v
secede	verb	1.00	2	secede#v
stiffen	verb	1.00	3	stiffen#v
violate	verb	1.00	0	violate#v
analytic	adj	1.00	1	analytic#a
autonomic	adj	1.00	6	autonomic#a
conscious	adj	1.00	0	conscious#a
definite	adj	1.00	0	definite#a
expensive	adj	1.00	0	expensive#a
furious	adj	1.00	4	furious#a
internal	adj	1.00	2	internal#a
mechanical	adj	1.00	1	mechanical#a
respiratory	adj	1.00	0	respiratory#a
skeletal	adj	1.00	11	skeletal#a
absolutely	adv	1.00	22	absolutely#a
afterward	adv	1.00	0	afterward#a
barely	adv	1.00	0	barely#a
effectively	adv	1.00	0	effectively#a
gently	adv	1.00	12	gently#a
mostly	adv	1.00	1	mostly#a
openly	adv	1.00	0	openly#a
specifically	adv	1.00	38	specifically#a
aesthetic	adj	0.94	0	aesthetic#a
bold	adj	0.94	2	bold#a
desperate	adj	0.90	105	desperate#a
eighth	adj	0.87	2	eighth#a
intermediate	adj	0.78	7	intermediate#a
moderate	verb	0.32	0	moderate#v
moderate	adj	0.60	1	moderate#a
sixth	adj	0.81	2	sixth#a
altogether	adv	0.94	0	altogether#a
crush	noun	0.20	0	crush#nv
crush	verb	0.80	1	crush#nv
drift	noun	0.33	0	drift#nv
drift	verb	0.67	1	drift#nv
ease	noun	0.27	3	ease#nv
ease	verb	0.73	0	ease#nv
flourish	noun	0.29	0	flourish#nv
flourish	verb	0.71	0	flourish#nv
frown	verb	0.93	0	frown#v
glow	noun	0.47	0	glow#nv
glow	verb	0.53	0	glow#nv
haul	verb	0.82	0	haul#v
hurl	verb	0.94	0	hurl#v
mail	noun	0.42	26	mail#nv
mail	verb	0.58	0	mail#nv
outline	noun	0.38	3	outline#nv
outline	verb	0.62	0	outline#nv
poke	noun	0.23	0	poke#nv
poke	verb	0.77	0	poke#nv
pose	verb	0.82	0	pose#v
recruit	noun	0.29	4	recruit#nv
recruit	verb	0.71	0	recruit#nv
regret	noun	0.27	5	regret#nv
regret	verb	0.73	0	regret#nv
rip	noun	0.20	0	rip#nv
rip	verb	0.80	0	rip#nv
spit	noun	0.20	0	spit#nv
spit	verb	0.80	0	spit#nv
sway	verb	0.84	0	sway#v
trot	noun	0.25	1	trot#nv
trot	verb	0.75	0	trot#nv
warrant	noun	0.30	8	warrant#nv
warrant	verb	0.70	0	warrant#nv
absent	adj	0.83	0	absent#a
frequent	verb	0.22	0	frequent#av
frequent	adj	0.78	0	frequent#av
accelerate	verb	1.00	0	accelerate#v
allot	verb	1.00	0	allot#v
bleed	verb	1.00	0	bleed#v
broaden	verb	1.00	0	broaden#v
carve	verb	1.00	0	carve#v
commend	verb	1.00	0	commend#v
comprehend	verb	1.00	0	comprehend#v
confine	verb	1.00	0	confine#v
defy	verb	1.00	0	defy#v
diminish	verb	1.00	0	diminish#v
enlarge	verb	1.00	1	enlarge#v
equip	verb	1.00	3	equip#v
excite	verb	1.00	0	excite#v
injure	verb	1.00	2	injure#v
postpone	verb	1.00	1	postpone#v
presume	verb	1.00	3	presume#v
reinforce	verb	1.00	1	reinforce#v
repel	verb	1.00	4	repel#v
shatter	verb	1.00	1	shatter#v
accurate	adj	1.00	1	accurate#a
authentic	adj	1.00	0	authentic#a
comparable	adj	1.00	0	comparable#a
doubtful	adj	1.00	5	doubtful#a
genuine	adj	1.00	0	genuine#a
insane	adj	1.00	0	insane#a
intelligent	adj	1.00	0	intelligent#a
lucky	adj	1.00	4	lucky#a
magnificent	adj	1.00	0	magnificent#a
medieval	adj	1.00	0	medieval#a
mythological	adj	1.00	0	mythological#a
neat	adj	1.00	0	neat#a
nervous	adj	1.00	1	nervous#a
regardless	adv	0.93	10	regardless#a
respectable	adj	1.00	1	respectable#a
slender	adj	1.00	0	slender#a
unadjusted	adj	1.00	5	unadjusted#a
unique	adj	1.00	0	unique#a
unstructured	adj	1.00	4	unstructured#a
widespread	adj	1.00	16	widespread#a
desperately	adv	1.00	1	desperately#a
invariably	adv	1.00	59	invariably#a
lightly	adv	1.00	7	lightly#a
plainly	adv	1.00	26	plainly#a
publicly	adv	1.00	2	publicly#a
purely	adv	1.00	33	purely#a
reasonably	adv	1.00	5	reasonably#a
severely	adv	1.00	4	severely#a
unfortunately	adv	1.00	5	unfortunately#a
brave	adj	0.78	0	brave#a
british	noun	0.25	0	british#an
british	adj	0.75	0	british#an
calm	verb	0.36	4	calm#v
calm	adj	0.46	0	calm#a
literal	adj	0.94	0	literal#a
lovely	adj	0.93	0	lovely#a
ninth	noun	0.20	0	ninth#n
ninth	adj	0.80	0	ninth#a
preliminary	adj	0.86	0	preliminary#a
prime	noun	0.23	1	prime#n
prime	adj	0.62	0	prime#a
primitive	adj	0.83	0	primitive#a
prompt	verb	0.70	0	prompt#v
prompt	adj	0.20	0	prompt#a
secondary	adj	0.89	0	secondary#a
steady	verb	0.21	0	steady#v
steady	adj	0.71	0	steady#a
stupid	adj	0.88	0	stupid#a
twentieth	adj	0.86	0	twentieth#a
nowhere	adv	0.86	0	nowhere#a
smash	noun	0.24	0	smash#nv
smash	verb	0.72	0	smash#nv
bloom	noun	0.52	0	bloom#nv
bloom	verb	0.48	0	bloom#nv
boil	verb	0.89	0	boil#v
bore	noun	0.24	4	bore#nv
bore	verb	0.76	0	bore#nv
convict	noun	0.20	2	convict#nv
convict	verb	0.80	0	convict#nv
drip	verb	0.81	0	drip#v
exploit	verb	0.82	0	exploit#v
extract	noun	0.21	3	extract#nv
extract	verb	0.79	0	extract#nv
gallop	verb	0.82	0	gallop#v
grunt	noun	0.29	0	grunt#nv
grunt	verb	0.71	0	grunt#nv
nail	noun	0.33	4	nail#nv
nail	verb	0.67	0	nail#nv
quarrel	noun	0.25	4	quarrel#nv
quarrel	verb	0.75	0	quarrel#nv
repair	noun	0.36	32	repair#nv
repair	verb	0.64	0	repair#nv
rescue	noun	0.24	13	rescue#nv
rescue	verb	0.76	0	rescue#nv
sacrifice	noun	0.46	0	sacrifice#nv
sacrifice	verb	0.54	0	sacrifice#nv
shove	verb	0.93	0	shove#v
surge	noun	0.36	2	surge#nv
surge	verb	0.64	0	surge#nv
survey	noun	0.43	1	survey#nv
survey	verb	0.57	0	survey#nv
switch	noun	0.40	17	switch#nv
switch	verb	0.60	0	switch#nv
trail	noun	0.45	2	trail#n
trail	verb	0.55	0	trail#v
sober	adj	0.83	0	sober#a
weary	verb	0.20	5	weary#v
weary	adj	0.80	0	weary#a
acknowledge	verb	1.00	0	acknowledge#v
amend	verb	1.00	0	amend#v
educate	verb	1.00	0	educate#v
erupt	verb	1.00	0	erupt#v
frighten	verb	1.00	0	frighten#v
incur	verb	1.00	0	incur#v
invade	verb	1.00	0	invade#v
mingle	verb	1.00	0	mingle#v
penetrate	verb	1.00	0	penetrate#v
regulate	verb	1.00	0	regulate#v
reside	verb	1.00	1	reside#v
supervise	verb	1.00	1	supervise#v
abroad	adj	0.33	0	abroad#a
abroad	adv	0.67	0	abroad#a
biological	adj	1.00	1	biological#a
cheap	adj	1.00	0	cheap#a
delightful	adj	1.00	7	delightful#a
electoral	adj	1.00	3	electoral#a
fewer	adj	1.00	0	fewer#a
finite	adj	1.00	0	finite#a
frantic	adj	1.00	0	frantic#a
geometric	adj	1.00	4	geometric#a
higher	adj	1.00	19	higher#a
immediate	adj	1.00	2	immediate#a
infectious	adj	1.00	0	infectious#a
logical	adj	1.00	2	logical#a
municipal	adj	1.00	0	municipal#a
naked	adj	1.00	0	naked#a
painful	adj	1.00	0	painful#a
persistent	adj	1.00	0	persistent#a
porous	adj	1.00	0	porous#a
realistic	adj	1.00	0	realistic#a
relevant	adj	1.00	9	relevant#a
reliable	adj	1.00	0	reliable#a
skilled	adj	1.00	8	skilled#a
supreme	adj	1.00	0	supreme#a
accordingly	adv	1.00	14	accordingly#a
aloud	adv	1.00	1	aloud#a
anymore	adv	1.00	1	anymore#a
badly	adv	1.00	14	badly#a
besides	adv	1.00	56	besides#a
beyond	adv	1.00	0	beyond#a
calmly	adv	1.00	1	calmly#a
chiefly	adv	1.00	1	chiefly#a
commonly	adv	1.00	0	commonly#a
likewise	adv	1.00	0	likewise#a
loudly	adv	1.00	0	loudly#a
mainly	adv	1.00	0	mainly#a
roughly	adv	1.00	0	roughly#a
shortly	adv	1.00	0	shortly#a
though	adv	1.00	0	though#a
thoughtfully	adv	1.00	0	thoughtfully#a
wholly	adv	1.00	0	wholly#a
ancient	adj	0.86	0	ancient#a
classical	adj	0.94	0	classical#a
cooperative	noun	0.32	0	cooperative#n
cooperative	adj	0.68	0	cooperative#a
defensive	adj	0.92	0	defensive#a
dependent	adj	0.84	0	dependent#a
graduate	noun	0.32	2	graduate#nv
graduate	verb	0.52	0	graduate#nv
heroic	adj	0.94	0	heroic#a
ideal	noun	0.46	25	ideal#n
ideal	adj	0.54	0	ideal#a
parallel	noun	0.30	1	parallel#nv
parallel	verb	0.30	0	parallel#nv
parallel	adj	0.40	0	parallel#a
radical	noun	0.48	35	radical#n
radical	adj	0.52	0	radical#a
sore	adj	0.87	0	sore#a
squat	verb	0.54	0	squat#v
squat	adj	0.29	0	squat#a
trim	noun	0.20	0	trim#nv
trim	verb	0.63	0	trim#nv
unfortunate	adj	0.87	0	unfortunate#a
advocate	noun	0.25	109	advocate#nv
advocate	verb	0.75	0	advocate#nv
bellow	noun	0.25	0	bellow#nv
bellow	verb	0.75	0	bellow#nv
chase	noun	0.36	3	chase#nv
chase	verb	0.64	0	chase#nv
chew	verb	0.85	0	chew#v
dash	noun	0.33	0	dash#nv
dash	verb	0.67	0	dash#nv
dissolve	verb	0.91	0	dissolve#v
entail	verb	0.87	0	entail#v
grind	verb	0.81	0	grind#v
lurch	noun	0.25	0	lurch#nv
lurch	verb	0.75	0	lurch#nv
mix	verb	0.84	0	mix#v
muse	noun	0.21	0	muse#nv
muse	verb	0.79	0	muse#nv
overlook	verb	0.94	0	overlook#v
pant	noun	0.20	0	pant#nv
pant	verb	0.80	0	pant#nv
recount	verb	0.92	0	recount#v
retreat	noun	0.42	1	retreat#nv
retreat	verb	0.58	0	retreat#nv
risk	noun	0.45	5	risk#nv
risk	verb	0.55	0	risk#nv
rustle	verb	0.87	0	rustle#v
shrug	noun	0.27	0	shrug#nv
shrug	verb	0.73	0	shrug#nv
sprawl	verb	0.86	0	sprawl#v
stamp	noun	0.41	0	stamp#nv
stamp	verb	0.59	0	stamp#nv
tilt	noun	0.26	0	tilt#nv
tilt	verb	0.74	0	tilt#nv
wake	noun	0.35	0	wake#n
wake	verb	0.65	0	wake#v
whirl	noun	0.25	0	whirl#nv
whirl	verb	0.75	0	whirl#nv
wrap	noun	0.22	0	wrap#nv
wrap	verb	0.78	0	wrap#nv
wreck	noun	0.31	0	wreck#nv
wreck	verb	0.69	0	wreck#nv
utter	verb	0.74	0	utter#v
utter	adj	0.26	0	utter#a
adapt	verb	1.00	0	adapt#v
beckon	verb	1.00	0	beckon#v
depend	verb	1.00	4	depend#v
disagree	verb	1.00	0	disagree#v
dispel	verb	1.00	0	dispel#v
dwell	verb	1.00	0	dwell#v
foresee	verb	1.00	0	foresee#v
invoke	verb	1.00	1	invoke#v
notify	verb	1.00	0	notify#v
omit	verb	1.00	0	omit#v
perpetuate	verb	1.00	0	perpetuate#v
pertain	verb	1.00	5	pertain#v
provoke	verb	1.00	6	provoke#v
punish	verb	1.00	1	punish#v
reckon	verb	1.00	0	reckon#v
renew	verb	1.00	0	renew#v
retrieve	verb	1.00	0	retrieve#v
rob	verb	1.00	0	rob#v
rotate	verb	1.00	10	rotate#v
speculate	verb	1.00	11	speculate#v
summon	verb	1.00	0	summon#v
tempt	verb	1.00	0	tempt#v
terminate	verb	1.00	4	terminate#v
tighten	verb	1.00	4	tighten#v
weaken	verb	1.00	2	weaken#v
ample	adj	1.00	0	ample#a
competent	adj	1.00	0	competent#a
eastern	adj	1.00	1	eastern#a
educational	adj	1.00	0	educational#a
efficient	adj	1.00	10	efficient#a
eternal	adj	1.00	1	eternal#a
false	adj	0.95	0	false#a
fantastic	adj	1.00	6	fantastic#a
fatal	adj	1.00	0	fatal#a
fictional	adj	1.00	203	fictional#a
grateful	adj	1.00	13	grateful#a
guilty	adj	1.00	0	guilty#a
handsome	adj	1.00	1	handsome#a
incredible	adj	1.00	8	incredible#a
indifferent	adj	1.00	5	indifferent#a
indirect	adj	1.00	0	indirect#a
mighty	adj	0.69	0	mighty#a
mighty	adv	0.31	0	mighty#a
muscular	adj	1.00	3	muscular#a
ominous	adj	1.00	0	ominous#a
pleasant	adj	1.00	2	pleasant#a
precious	adj	0.93	1	precious#a
productive	adj	1.00	7	productive#a
protective	adj	1.00	105	protective#a
rare	adj	1.00	16	rare#a
responsible	adj	1.00	1	responsible#a
structural	adj	1.00	31	structural#a
subjective	adj	1.00	3	subjective#a
sullen	adj	1.00	3	sullen#a
tragic	adj	1.00	8	tragic#a
unlikely	adj	1.00	5	unlikely#a
violent	adj	1.00	2	violent#a
youthful	adj	1.00	0	youthful#a
accurately	adv	1.00	76	accurately#a
continuously	adv	1.00	4	continuously#a
dimly	adv	1.00	21	dimly#a
either	adv	1.00	0	either#a
literally	adv	1.00	0	literally#a
necessarily	adv	1.00	0	necessarily#a
newly	adv	1.00	0	newly#a
repeatedly	adv	1.00	0	repeatedly#a
scarcely	adv	1.00	0	scarcely#a
seldom	adv	1.00	0	seldom#a
someday	adv	1.00	0	someday#a
substantially	adv	1.00	0	substantially#a
alert	verb	0.43	0	alert#v
alert	adj	0.43	0	alert#a
compound	noun	0.32	0	compound#nv
compound	verb	0.56	0	compound#nv
dear	noun	0.29	0	dear#an
dear	adj	0.62	0	dear#an
manifest	verb	0.86	0	manifest#v
neutral	adj	0.94	0	neutral#a
pseudo	adj	0.91	0	pseudo#a
queer	adj	0.79	0	queer#a
silver	noun	0.43	1	silver#n
silver	adj	0.46	0	silver#a
spiritual	adj	0.81	0	spiritual#a
stern	noun	0.28	0	stern#n
stern	adj	0.72	0	stern#a
suspect	verb	0.67	0	suspect#v
tender	noun	0.21	1	tender#n
tender	adj	0.61	0	tender#a
therapeutic	adj	0.92	0	therapeutic#a
variable	noun	0.45	0	variable#an
variable	adj	0.55	0	variable#an
vertical	adj	0.87	0	vertical#a
worst	noun	0.29	0	worst#an
worst	adj	0.59	0	worst#an
affix	verb	0.92	0	affix#v
blush	verb	0.85	0	blush#v
buzz	noun	0.24	0	buzz#nv
buzz	verb	0.76	0	buzz#nv
cancel	verb	0.93	0	cancel#v
desert	noun	0.29	0	desert#n
desert	verb	0.71	0	desert#v
dictate	noun	0.25	0	dictate#nv
dictate	verb	0.75	0	dictate#nv
doom	noun	0.25	0	doom#nv
doom	verb	0.75	0	doom#nv
embrace	noun	0.33	2	embrace#nv
embrace	verb	0.67	0	embrace#nv
envy	noun	0.27	3	envy#nv
envy	verb	0.73	0	envy#nv
gasp	noun	0.33	0	gasp#nv
gasp	verb	0.67	0	gasp#nv
glare	noun	0.43	0	glare#nv
glare	verb	0.57	0	glare#nv
grumble	verb	0.81	0	grumble#v
hop	noun	0.21	0	hop#nv
hop	verb	0.79	0	hop#nv
huddle	noun	0.27	0	huddle#nv
huddle	verb	0.73	0	huddle#nv
kneel	verb	0.91	0	kneel#v
monitor	noun	0.39	1	monitor#nv
monitor	verb	0.61	0	monitor#nv
plow	noun	0.20	3	plow#nv
plow	verb	0.80	0	plow#nv
probe	noun	0.27	1	probe#nv
probe	verb	0.73	0	probe#nv
quiver	noun	0.29	0	quiver#nv
quiver	verb	0.71	0	quiver#nv
rent	noun	0.48	3	rent#nv
rent	verb	0.52	1	rent#nv
revise	verb	0.92	8	revise#v
shave	verb	0.94	0	shave#v
shiver	noun	0.21	0	shiver#nv
shiver	verb	0.79	8	shiver#nv
skip	verb	0.88	0	skip#v
startle	verb	0.92	0	startle#v
surround	verb	0.93	0	surround#v
venture	noun	0.43	30	venture#nv
venture	verb	0.57	0	venture#nv
wail	noun	0.21	0	wail#nv
wail	verb	0.79	0	wail#nv
whistle	noun	0.25	0	whistle#nv
whistle	verb	0.75	0	whistle#nv
awake	verb	0.42	0	awake#v
awake	adj	0.58	0	awake#a
dilute	verb	0.85	0	dilute#v
mature	verb	0.44	4	mature#v
mature	adj	0.56	0	mature#a
sheer	adj	0.72	0	sheer#a
shrill	verb	0.20	1	shrill#v
shrill	adj	0.80	0	shrill#a
abolish	verb	1.00	0	abolish#v
adhere	verb	1.00	0	adhere#v
applaud	verb	1.00	6	applaud#v
augment	verb	1.00	0	augment#v
certify	verb	1.00	0	certify#v
collaborate	verb	1.00	0	collaborate#v
comply	verb	1.00	4	comply#v
conceal	verb	1.00	1	conceal#v
congratulate	verb	1.00	0	congratulate#v
consume	verb	1.00	0	consume#v
culminate	verb	1.00	0	culminate#v
deduce	verb	1.00	0	deduce#v
dwindle	verb	1.00	0	dwindle#v
endorse	verb	1.00	0	endorse#v
enhance	verb	1.00	0	enhance#v
equate	verb	1.00	0	equate#v
expend	verb	1.00	0	expend#v
inflict	verb	1.00	1	inflict#v
integrate	verb	1.00	2	integrate#v
invest	verb	1.00	5	invest#v
lurk	verb	1.00	0	lurk#v
ponder	verb	1.00	0	ponder#v
relinquish	verb	1.00	1	relinquish#v
resign	verb	1.00	2	resign#v
shorten	verb	1.00	0	shorten#v
subtract	verb	1.00	0	subtract#v
summarize	verb	1.00	0	summarize#v
transmit	verb	1.00	36	transmit#v
verify	verb	1.00	0	verify#v
widen	verb	1.00	1	widen#v
withhold	verb	1.00	0	withhold#v
ambitious	adj	1.00	0	ambitious#a
asleep	adj	0.80	1	asleep#a
asleep	adv	0.20	0	asleep#a
awkward	adj	1.00	0	awkward#a
bigger	adj	1.00	0	bigger#a
casual	adj	1.00	0	casual#a
chronic	adj	1.00	2	chronic#a
colorful	adj	1.00	0	colorful#a
decisive	adj	1.00	1	decisive#a
distal	adj	1.00	0	distal#a
dumb	adj	1.00	8	dumb#a
economical	adj	1.00	2	economical#a
endless	adj	1.00	3	endless#a
enthusiastic	adj	1.00	19	enthusiastic#a
gaunt	adj	1.00	0	gaunt#a
gigantic	adj	1.00	0	gigantic#a
golden	adj	1.00	1	golden#a
helpful	adj	1.00	3	helpful#a
homely	adj	1.00	0	homely#a
humorous	adj	1.00	6	humorous#a
incomplete	adj	1.00	1	incomplete#a
insoluble	adj	1.00	0	insoluble#a
massive	adj	1.00	9	massive#a
monstrous	adj	1.00	6	monstrous#a
philosophical	adj	1.00	4	philosophical#a
poorly	adv	0.91	7	poorly#a
rigid	adj	1.00	0	rigid#a
rugged	adj	1.00	11	rugged#a
sad	adj	1.00	2	sad#a
sturdy	adj	1.00	1	sturdy#a
subtle	adj	1.00	4	subtle#a
technological	adj	1.00	1	technological#a
uncertain	adj	1.00	5	uncertain#a
underway	adj	1.00	145	underway#a
unspeakable	adj	1.00	12	unspeakable#a
abruptly	adv	1.00	2	abruptly#a
anywhere	adv	1.00	19	anywhere#a
furiously	adv	1.00	0	furiously#a
initially	adv	1.00	0	initially#a
namely	adv	1.00	0	namely#a
ordinarily	adv	1.00	0	ordinarily#a
promptly	adv	1.00	0	promptly#a
remarkably	adv	1.00	0	remarkably#a
sadly	adv	1.00	0	sadly#a
seemingly	adv	1.00	0	seemingly#a
significantly	adv	1.00	0	significantly#a
solely	adv	1.00	0	solely#a
strictly	adv	1.00	0	strictly#a
thereof	adv	1.00	0	thereof#a
undoubtedly	adv	1.00	0	undoubtedly#a
absurd	adj	0.91	0	absurd#a
alveolar	adj	0.91	0	alveolar#a
civilian	noun	0.25	0	civilian#an
civilian	adj	0.75	0	civilian#an
comprehensive	adj	0.91	0	comprehensive#a
crude	adj	0.93	0	crude#a
hostile	adj	0.93	0	hostile#a
inevitable	adj	0.83	0	inevitable#a
infinite	adj	0.92	0	infinite#a
moral	noun	0.23	0	moral#n
moral	adj	0.77	0	moral#a
native	noun	0.33	29	native#an
native	adj	0.67	0	native#an
pop	verb	0.75	0	pop#v
precipitate	verb	0.81	0	precipitate#v
romantic	noun	0.31	0	romantic#n
romantic	adj	0.69	0	romantic#a
savage	noun	0.22	4	savage#an
savage	adj	0.67	0	savage#an
shed	verb	0.80	0	shed#v
silly	adj	0.92	0	silly#a
stable	noun	0.21	1	stable#n
stable	adj	0.68	0	stable#a
upset	noun	0.27	0	upset#nv
upset	verb	0.47	0	upset#nv
upset	adj	0.27	0	upset#a
volunteer	noun	0.37	0	volunteer#nv
volunteer	verb	0.58	0	volunteer#nv
weird	adj	0.91	0	weird#a
bang	noun	0.38	0	bang#nv
bang	verb	0.54	0	bang#nv
ache	noun	0.21	12	ache#nv
ache	verb	0.79	0	ache#nv
blend	noun	0.31	0	blend#nv
blend	verb	0.69	0	blend#nv
centrifuge	noun	0.25	2	centrifuge#nv
centrifuge	verb	0.75	0	centrifuge#nv
chant	verb	0.91	0	chant#v
chuckle	verb	0.82	0	chuckle#v
clamor	noun	0.39	0	clamor#nv
clamor	verb	0.61	0	clamor#nv
clamp	verb	0.91	0	clamp#v
compress	noun	0.23	0	compress#n
compress	verb	0.77	0	compress#v
curl	verb	0.81	0	curl#v
dodge	noun	0.31	3	dodge#nv
dodge	verb	0.69	0	dodge#nv
exhaust	verb	0.87	0	exhaust#v
flounder	verb	0.83	0	flounder#v
forecast	verb	0.85	0	forecast#v
hug	verb	0.91	0	hug#v
melt	verb	0.93	0	melt#v
plague	noun	0.33	5	plague#nv
plague	verb	0.67	0	plague#nv
pump	noun	0.30	22	pump#nv
pump	verb	0.70	0	pump#nv
seal	noun	0.48	0	seal#nv
seal	verb	0.52	0	seal#nv
shrink	verb	0.93	0	shrink#v
shudder	verb	0.83	0	shudder#v
span	noun	0.59	1	span#nv
span	verb	0.41	0	span#nv
steer	verb	0.85	0	steer#v
swoop	noun	0.27	0	swoop#nv
swoop	verb	0.73	0	swoop#nv
tread	noun	0.30	0	tread#nv
tread	verb	0.70	0	tread#nv
tuck	noun	0.27	0	tuck#nv
tuck	verb	0.73	0	tuck#nv
bloody	adj	0.83	0	bloody#a
loose	verb	0.20	6	loose#v
loose	adj	0.70	0	loose#a
muddy	verb	0.20	0	muddy#v
muddy	adj	0.80	0	muddy#a
sue	verb	0.90	0	sue#v
accumulate	verb	1.00	0	accumulate#v
bake	verb	1.00	0	bake#v
baptize	verb	1.00	0	baptize#v
despise	verb	1.00	0	despise#v
dispose	verb	1.00	5	dispose#v
drown	verb	1.00	0	drown#v
elicit	verb	1.00	0	elicit#v
ensure	verb	1.00	0	ensure#v
impart	verb	1.00	0	impart#v
lessen	verb	1.00	0	lessen#v
linger	verb	1.00	0	linger#v
manipulate	verb	1.00	5	manipulate#v
overhear	verb	1.00	1	overhear#v
profess	verb	1.00	1	profess#v
prohibit	verb	1.00	1	prohibit#v
reappear	verb	1.00	0	reappear#v
rebuild	verb	1.00	0	rebuild#v
rebut	verb	1.00	0	rebut#v
repay	verb	1.00	1	repay#v
sever	verb	1.00	0	sever#v
starve	verb	1.00	0	starve#v
underlie	verb	1.00	3	underlie#v
veer	verb	1.00	0	veer#v
anonymous	adj	1.00	0	anonymous#a
arbitrary	adj	1.00	3	arbitrary#a
biblical	adj	1.00	2	biblical#a
childish	adj	1.00	0	childish#a
civil	adj	1.00	1	civil#a
customary	adj	1.00	4	customary#a
detectable	adj	1.00	4	detectable#a
distinctive	adj	1.00	0	distinctive#a
formidable	adj	1.00	0	formidable#a
fortunate	adj	1.00	18	fortunate#a
helpless	adj	1.00	1	helpless#a
hungry	adj	1.00	1	hungry#a
indefinite	adj	1.00	0	indefinite#a
legislative	adj	1.00	0	legislative#a
lonely	adj	1.00	0	lonely#a
lunar	adj	1.00	0	lunar#a
lurid	adj	1.00	1	lurid#a
meaningful	adj	1.00	12	meaningful#a
mid	adj	1.00	3	mid#a
motionless	adj	1.00	0	motionless#a
naval	adj	1.00	1	naval#a
nearby	adj	0.53	1	nearby#a
nearby	adv	0.47	0	nearby#a
outdoor	adj	1.00	0	outdoor#a
outstanding	adj	1.00	105	outstanding#a
planetary	adj	1.00	2	planetary#a
presidential	adj	1.00	61	presidential#a
psychological	adj	1.00	59	psychological#a
spatial	adj	1.00	0	spatial#a
spontaneous	adj	1.00	0	spontaneous#a
theoretical	adj	1.00	0	theoretical#a
through	adj	0.32	0	through#a
through	adv	0.68	0	through#a
ultrasonic	adj	1.00	6	ultrasonic#a
unaware	adj	1.00	2	unaware#a
unmolested	adj	1.00	0	unmolested#a
verbal	adj	1.00	12	verbal#a
vulnerable	adj	1.00	2	vulnerable#a
consequently	adv	1.00	0	consequently#a
consistently	adv	1.00	0	consistently#a
definitely	adv	1.00	0	definitely#a
differently	adv	1.00	2	differently#a
doubtless	adv	1.00	0	doubtless#a
duly	adv	1.00	0	duly#a
excitedly	adv	1.00	0	excitedly#a
freely	adv	1.00	0	freely#a
hastily	adv	1.00	0	hastily#a
inevitably	adv	1.00	0	inevitably#a
painfully	adv	1.00	0	painfully#a
privately	adv	1.00	0	privately#a
savagely	adv	1.00	0	savagely#a
terribly	adv	1.00	0	terribly#a
thereafter	adv	1.00	0	thereafter#a
totally	adv	1.00	0	totally#a
utterly	adv	1.00	0	utterly#a
virtually	adv	1.00	0	virtually#a
abstract	verb	0.46	0	abstract#v
abstract	adj	0.38	0	abstract#a
anatomical	noun	0.25	0	anatomical#an
anatomical	adj	0.75	0	anatomical#an
anti	adj	0.89	0	anti#a
beloved	adj	0.89	0	beloved#a
collective	adj	0.83	0	collective#a
compulsive	noun	0.36	5	compulsive#an
compulsive	adj	0.64	0	compulsive#an
deaf	noun	0.23	0	deaf#an
deaf	adj	0.69	0	deaf#an
due	noun	0.33	0	due#n
due	adj	0.61	0	due#a
eighteenth	adj	0.89	0	eighteenth#a
fake	noun	0.24	2	fake#anv
fake	verb	0.24	0	fake#nv
fake	adj	0.53	0	fake#an
gradual	adj	0.90	0	gradual#a
grand	adj	0.88	0	grand#a
grotesque	adj	0.82	0	grotesque#a
imaginary	adj	0.89	0	imaginary#a
intimate	verb	0.36	0	intimate#v
intimate	adj	0.59	0	intimate#a
net	noun	0.46	0	net#n
net	adj	0.35	0	net#a
reciprocal	noun	0.25	0	reciprocal#n
reciprocal	adj	0.75	0	reciprocal#a
revolutionary	adj	0.92	0	revolutionary#a
synthetic	adj	0.93	0	synthetic#a
unconscious	adj	0.83	0	unconscious#a
underground	adj	0.69	0	underground#a
bathe	verb	0.91	0	bathe#v
boost	noun	0.37	1	boost#nv
boost	verb	0.63	0	boost#nv
clamber	verb	0.89	0	clamber#v
deposit	noun	0.52	2	deposit#nv
deposit	verb	0.48	0	deposit#nv
echo	noun	0.52	1	echo#nv
echo	verb	0.48	0	echo#nv
escort	noun	0.44	3	escort#nv
escort	verb	0.56	1	escort#nv
falter	verb	0.92	0	falter#v
flap	noun	0.38	14	flap#nv
flap	verb	0.62	0	flap#nv
glaze	noun	0.21	0	glaze#nv
glaze	verb	0.79	1	glaze#nv
gleam	noun	0.41	0	gleam#nv
gleam	verb	0.59	11	gleam#nv
gouge	noun	0.23	1	gouge#nv
gouge	verb	0.77	4	gouge#nv
groan	noun	0.27	0	groan#nv
groan	verb	0.73	0	groan#nv
grope	verb	0.91	1	grope#v
hail	noun	0.33	0	hail#nv
hail	verb	0.67	0	hail#nv
heed	noun	0.20	1	heed#nv
heed	verb	0.80	2	heed#nv
hint	noun	0.47	0	hint#nv
hint	verb	0.53	0	hint#nv
implement	noun	0.23	726	implement#nv
implement	verb	0.77	0	implement#nv
lag	noun	0.27	0	lag#nv
lag	verb	0.73	0	lag#nv
offset	noun	0.33	5	offset#nv
offset	verb	0.67	0	offset#nv
rally	noun	0.40	2	rally#nv
rally	verb	0.60	0	rally#nv
rattle	noun	0.40	1	rattle#nv
rattle	verb	0.60	3	rattle#nv
resort	noun	0.36	3	resort#nv
resort	verb	0.64	0	resort#nv
sanction	noun	0.41	3	sanction#nv
sanction	verb	0.59	1	sanction#nv
sip	noun	0.27	0	sip#nv
sip	verb	0.73	0	sip#nv
slug	noun	0.57	4	slug#nv
slug	verb	0.43	0	slug#nv
snarl	noun	0.31	0	snarl#nv
snarl	verb	0.69	2	snarl#nv
dim	verb	0.29	0	dim#v
dim	adj	0.71	0	dim#a
adjacent	adj	1.00	10	adjacent#a
attractive	adj	1.00	0	attractive#a
anxiously	adv	1.00	0	anxiously#a
basically	adv	1.00	0	basically#a
comfortably	adv	1.00	0	comfortably#a
comparatively	adv	1.00	0	comparatively#a
distinctly	adv	1.00	0	distinctly#a
dramatically	adv	1.00	0	dramatically#a
exclusively	adv	1.00	0	exclusively#a
formerly	adv	1.00	0	formerly#a
hereby	adv	1.00	0	hereby#a
honestly	adv	1.00	0	honestly#a
indirectly	adv	1.00	0	indirectly#a
individually	adv	1.00	0	individually#a
lately	adv	1.00	0	lately#a
partially	adv	1.00	0	partially#a
peculiarly	adv	1.00	0	peculiarly#a
physically	adv	1.00	0	physically#a
satisfactorily	adv	1.00	0	satisfactorily#a
stiffly	adv	1.00	0	stiffly#a
surprisingly	adv	1.00	0	surprisingly#a
typically	adv	1.00	0	typically#a
unexpectedly	adv	1.00	0	unexpectedly#a
backward	adj	0.40	0	backward#a
backward	adv	0.60	0	backward#a
downstairs	adv	0.88	0	downstairs#a
sometime	adv	0.88	0	sometime#a
upward	adj	0.33	0	upward#a
upward	adv	0.67	0	upward#a
afterwards	adv	1.00	0	afterwards#a
angrily	adv	1.00	0	angrily#a
appreciably	adv	1.00	0	appreciably#a
beautifully	adv	1.00	0	beautifully#a
commercially	adv	1.00	0	commercially#a
correctly	adv	1.00	0	correctly#a
eagerly	adv	1.00	0	eagerly#a
formally	adv	1.00	0	formally#a
historically	adv	1.00	0	historically#a
hither	adv	1.00	0	hither#a
impatiently	adv	1.00	0	impatiently#a
independently	adv	1.00	0	independently#a
loosely	adv	1.00	0	loosely#a
madly	adv	1.00	0	madly#a
mentally	adv	1.00	0	mentally#a
neatly	adv	1.00	0	neatly#a
overboard	adv	1.00	0	overboard#a
prominently	adv	1.00	0	prominently#a
radically	adv	1.00	0	radically#a
regularly	adv	1.00	0	regularly#a
safely	adv	1.00	0	safely#a
steadily	adv	1.00	0	steadily#a
stubbornly	adv	1.00	0	stubbornly#a
therein	adv	1.00	0	therein#a
thereto	adv	1.00	0	thereto#a
vastly	adv	1.00	0	vastly#a
within	adv	1.00	0	within#a
least	adj	0.30	0	least#a
least	adv	0.60	0	least#a
after	adv	0.88	0	after#a
farther	adj	0.42	0	farther#a
farther	adv	0.58	0	farther#a
aboard	adv	1.00	0	aboard#a
across	adv	1.00	0	across#a
acutely	adv	1.00	0	acutely#a
adequately	adv	1.00	0	adequately#a
awfully	adv	1.00	0	awfully#a
blindly	adv	1.00	0	blindly#a
centrally	adv	1.00	0	centrally#a
coldly	adv	1.00	0	coldly#a
conversely	adv	1.00	0	conversely#a
curiously	adv	1.00	0	curiously#a
experimentally	adv	1.00	0	experimentally#a
financially	adv	1.00	0	financially#a
forth	adv	0.89	0	forth#a
frankly	adv	1.00	0	frankly#a
frantically	adv	1.00	0	frantically#a
fundamentally	adv	1.00	0	fundamentally#a
grimly	adv	1.00	0	grimly#a
happily	adv	1.00	0	happily#a
harshly	adv	1.00	0	harshly#a
heartily	adv	1.00	0	heartily#a
incredibly	adv	1.00	0	incredibly#a
methodically	adv	1.00	0	methodically#a
nervously	adv	1.00	0	nervously#a
nicely	adv	1.00	0	nicely#a
notably	adv	1.00	0	notably#a
paradoxically	adv	1.00	0	paradoxically#a
positively	adv	1.00	0	positively#a
profoundly	adv	1.00	0	profoundly#a
realistically	adv	1.00	0	realistically#a
reluctantly	adv	1.00	0	reluctantly#a
sexually	adv	1.00	0	sexually#a
sincerely	adv	1.00	0	sincerely#a
specially	adv	1.00	0	specially#a
squarely	adv	1.00	0	squarely#a
temporarily	adv	1.00	0	temporarily#a
tremendously	adv	1.00	0	tremendously#a
ultimately	adv	1.00	0	ultimately#a
unanimously	adv	1.00	0	unanimously#a
unconsciously	adv	1.00	0	unconsciously#a
universally	adv	1.00	0	universally#a
vigorously	adv	1.00	0	vigorously#a
violently	adv	1.00	0	violently#a
vitally	adv	1.00	0	vitally#a
rearward	noun	0.22	0	rearward#an
rearward	adj	0.22	0	rearward#an
rearward	adv	0.56	0	rearward#a
headlong	adj	0.22	0	headlong#a
headlong	adv	0.78	0	headlong#a
academically	adv	1.00	0	academically#a
afar	adv	1.00	0	afar#a
algebraically	adv	1.00	0	algebraically#a
annually	adv	1.00	0	annually#a
bitterly	adv	1.00	0	bitterly#a
brilliantly	adv	1.00	0	brilliantly#a
briskly	adv	1.00	0	briskly#a
cautiously	adv	1.00	0	cautiously#a
conceivably	adv	1.00	0	conceivably#a
conclusively	adv	1.00	0	conclusively#a
conspicuously	adv	1.00	0	conspicuously#a
conveniently	adv	1.00	0	conveniently#a
coolly	adv	1.00	0	coolly#a
currently	adv	1.00	0	currently#a
doggedly	adv	1.00	0	doggedly#a
drunkenly	adv	1.00	0	drunkenly#a
emotionally	adv	1.00	0	emotionally#a
empirically	adv	1.00	0	empirically#a
finely	adv	1.00	0	finely#a
flatly	adv	1.00	0	flatly#a
fortunately	adv	1.00	0	fortunately#a
gravely	adv	1.00	0	gravely#a
helpfully	adv	1.00	0	helpfully#a
heretofore	adv	1.00	0	heretofore#a
ideally	adv	1.00	0	ideally#a
intently	adv	1.00	0	intently#a
inversely	adv	1.00	0	inversely#a
jointly	adv	1.00	0	jointly#a
meticulously	adv	1.00	0	meticulously#a
mildly	adv	1.00	0	mildly#a
momentarily	adv	1.00	0	momentarily#a
nonetheless	adv	1.00	0	nonetheless#a
originally	adv	1.00	0	originally#a
permanently	adv	1.00	0	permanently#a
pleasantly	adv	1.00	0	pleasantly#a
politely	adv	1.00	0	politely#a
preferably	adv	1.00	0	preferably#a
proportionately	adv	1.00	0	proportionately#a
proudly	adv	1.00	0	proudly#a
rightly	adv	1.00	0	rightly#a
secretly	adv	1.00	0	secretly#a
separately	adv	1.00	0	separately#a
silently	adv	1.00	0	silently#a
solemnly	adv	1.00	0	solemnly#a
stoutly	adv	1.00	0	stoutly#a
subsequently	adv	1.00	0	subsequently#a
supposedly	adv	1.00	0	supposedly#a
tightly	adv	1.00	0	tightly#a
triumphantly	adv	1.00	0	triumphantly#a
uniquely	adv	1.00	0	uniquely#a
visibly	adv	1.00	0	visibly#a
vividly	adv	1.00	0	vividly#a
wearily	adv	1.00	0	wearily#a
northward	adv	0.67	0	northward#a
southward	adv	0.67	0	southward#a
westward	adv	0.67	0	westward#a
hereafter	noun	0.25	2	hereafter#n
hereafter	adv	0.75	0	hereafter#a
downright	adj	0.33	0	downright#a
downright	adv	0.67	0	downright#a
actively	adv	1.00	0	actively#a
alternately	adv	1.00	0	alternately#a
anew	adv	1.00	0	anew#a
apologetically	adv	1.00	0	apologetically#a
arbitrarily	adv	1.00	0	arbitrarily#a
assuredly	adv	1.00	0	assuredly#a
awkwardly	adv	1.00	0	awkwardly#a
busily	adv	1.00	0	busily#a
characteristically	adv	1.00	0	characteristically#a
comprehensively	adv	1.00	0	comprehensively#a
